participant.id_in_session,participant.code,participant.label,participant._is_bot,participant._index_in_pages,participant._max_page_index,participant._current_app_name,participant._current_page_name,participant.time_started,participant.visited,participant.mturk_worker_id,participant.mturk_assignment_id,participant.payoff,participant.payoff_plus_participation_fee,session.code,session.label,session.mturk_HITId,session.mturk_HITGroupId,session.comment,session.is_demo,session.config.participation_fee,session.config.real_world_currency_per_point,bms_experiment.1.player.id_in_group,bms_experiment.1.player.trans_cond,bms_experiment.1.player.age,bms_experiment.1.player.gender,bms_experiment.1.player.installed,bms_experiment.1.player.competence,bms_experiment.1.player.competence_neg,bms_experiment.1.player.benevolence,bms_experiment.1.player.benevolence_neg,bms_experiment.1.player.no_central_entity,bms_experiment.1.player.no_central_entity_neg,bms_experiment.1.player.anonymity,bms_experiment.1.player.anonymity_neg,bms_experiment.1.player.no_tracking,bms_experiment.1.player.no_tracking_neg,bms_experiment.1.player.unlinkabilty,bms_experiment.1.player.unlinkabilty_neg,bms_experiment.1.player.understanding,bms_experiment.1.player.q1_a1,bms_experiment.1.player.q1_a2,bms_experiment.1.player.q1_a3,bms_experiment.1.player.q1_a4,bms_experiment.1.player.q1_a5,bms_experiment.1.player.q2_a1,bms_experiment.1.player.q2_a2,bms_experiment.1.player.q2_a3,bms_experiment.1.player.q2_a4,bms_experiment.1.player.q2_a5,bms_experiment.1.player.q3_a1,bms_experiment.1.player.q3_a2,bms_experiment.1.player.q3_a3,bms_experiment.1.player.q3_a4,bms_experiment.1.player.q3_a5,bms_experiment.1.player.q4_a1,bms_experiment.1.player.q4_a2,bms_experiment.1.player.q4_a3,bms_experiment.1.player.q4_a4,bms_experiment.1.player.q4_a5,bms_experiment.1.player.attentive_1,bms_experiment.1.player.attentive_2,bms_experiment.1.player.finished,bms_experiment.1.player.payoff,bms_experiment.1.group.id_in_subsession,bms_experiment.1.subsession.round_number,bms_experiment.2.player.id_in_group,bms_experiment.2.player.trans_cond,bms_experiment.2.player.age,bms_experiment.2.player.gender,bms_experiment.2.player.installed,bms_experiment.2.player.competence,bms_experiment.2.player.competence_neg,bms_experiment.2.player.benevolence,bms_experiment.2.player.benevolence_neg,bms_experiment.2.player.no_central_entity,bms_experiment.2.player.no_central_entity_neg,bms_experiment.2.player.anonymity,bms_experiment.2.player.anonymity_neg,bms_experiment.2.player.no_tracking,bms_experiment.2.player.no_tracking_neg,bms_experiment.2.player.unlinkabilty,bms_experiment.2.player.unlinkabilty_neg,bms_experiment.2.player.understanding,bms_experiment.2.player.q1_a1,bms_experiment.2.player.q1_a2,bms_experiment.2.player.q1_a3,bms_experiment.2.player.q1_a4,bms_experiment.2.player.q1_a5,bms_experiment.2.player.q2_a1,bms_experiment.2.player.q2_a2,bms_experiment.2.player.q2_a3,bms_experiment.2.player.q2_a4,bms_experiment.2.player.q2_a5,bms_experiment.2.player.q3_a1,bms_experiment.2.player.q3_a2,bms_experiment.2.player.q3_a3,bms_experiment.2.player.q3_a4,bms_experiment.2.player.q3_a5,bms_experiment.2.player.q4_a1,bms_experiment.2.player.q4_a2,bms_experiment.2.player.q4_a3,bms_experiment.2.player.q4_a4,bms_experiment.2.player.q4_a5,bms_experiment.2.player.attentive_1,bms_experiment.2.player.attentive_2,bms_experiment.2.player.finished,bms_experiment.2.player.payoff,bms_experiment.2.group.id_in_subsession,bms_experiment.2.subsession.round_number
1,bsv1ki5f,,0,1,22,bms_experiment,Introduction,2020-08-21 12:33:28.868272+00:00,1,,,0,0.00,612nydpi,,,,,0,0.00,1.0,1,,,,,,,,,,,,,,,,,,,,,,,,,,,,,,,,,,,,,,,,,0,1,1,1,,,,,,,,,,,,,,,,,,,,,,,,,,,,,,,,,,,,,,,,,0,1,2
2,y34kcga7,,0,11,22,bms_experiment,Ending,2020-08-21 12:33:48.925007+00:00,1,,,0,0.00,612nydpi,,,,,0,0.00,1.0,2,no,20,1,1,5,1,1,5,5,1,5,1,1,1,5,1,4,0,0,1,0,0,0,0,0,1,0,1,0,0,1,0,0,0,0,1,0,,,1,0,1,1,2,,,,,,,,,,,,,,,,,,,,,,,,,,,,,,,,,,,,,,,,,0,1,2
3,bi3ce79o,,0,11,22,bms_experiment,Ending,2020-08-21 12:35:44.990053+00:00,1,,,0,0.00,612nydpi,,,,,0,0.00,1.0,3,no,19,0,0,3,3,2,4,3,3,3,1,2,4,4,4,1,0,0,0,0,1,0,0,0,0,1,0,0,0,0,1,0,0,0,0,1,,,1,0,1,1,3,,,,,,,,,,,,,,,,,,,,,,,,,,,,,,,,,,,,,,,,,0,1,2
4,kgh5hfgo,,0,1,22,bms_experiment,Introduction,2020-08-21 12:36:44.392076+00:00,1,,,0,0.00,612nydpi,,,,,0,0.00,1.0,4,,,,,,,,,,,,,,,,,,,,,,,,,,,,,,,,,,,,,,,,,0,1,1,4,,,,,,,,,,,,,,,,,,,,,,,,,,,,,,,,,,,,,,,,,0,1,2
5,r5g1a1lb,,0,22,22,bms_experiment,Ending,2020-08-21 12:37:14.830325+00:00,1,,,0,0.00,612nydpi,,,,,0,0.00,1.0,5,brief,20,1,0,,,,,,,,,,,,,3,0,0,1,1,0,0,0,1,0,0,1,0,0,1,0,1,0,1,0,0,yellow,,,0,1,1,5,,,,,5,1,1,5,5,1,4,1,1,5,5,2,4,0,0,0,1,0,0,0,0,1,0,1,0,0,1,0,0,0,0,1,0,,,1,0,1,2
6,nw7422d2,,0,22,22,bms_experiment,Ending,2020-08-21 12:41:50.445093+00:00,1,,,0,0.00,612nydpi,,,,,0,0.00,1.0,6,brief,20,1,1,,,,,,,,,,,,,3,0,0,0,0,1,0,0,0,1,0,1,0,0,1,0,0,0,0,1,0,yellow,,,0,1,1,6,,,,,5,1,1,5,5,1,5,1,5,5,1,1,3,0,0,0,0,1,0,0,0,1,0,1,0,0,1,0,0,0,0,1,0,,,1,0,1,2
7,sy7himvy,,0,22,22,bms_experiment,Ending,2020-08-21 12:42:36.977713+00:00,1,,,0,0.00,612nydpi,,,,,0,0.00,1.0,7,brief,20,1,1,,,,,,,,,,,,,1,0,0,1,0,0,0,0,1,0,0,1,0,0,1,0,0,0,0,0,1,yellow,,,0,1,1,7,,,,,5,2,1,5,5,1,5,1,1,5,5,1,4,0,0,1,0,0,0,0,1,0,0,1,0,0,1,0,0,1,0,1,0,,,1,0,1,2
8,s7tnjon8,,0,4,22,bms_experiment,ActualUnderstandingSurvey,2020-08-21 12:46:11.458996+00:00,1,,,0,0.00,612nydpi,,,,,0,0.00,1.0,8,detailed,20,1,0,,,,,,,,,,,,,5,,,,,,,,,,,,,,,,,,,,,,,,0,1,1,8,,,,,,,,,,,,,,,,,,,,,,,,,,,,,,,,,,,,,,,,,0,1,2
9,8fj6nhmc,,0,4,22,bms_experiment,ActualUnderstandingSurvey,2020-08-21 12:47:15.448666+00:00,1,,,0,0.00,612nydpi,,,,,0,0.00,1.0,9,brief,20,0,1,,,,,,,,,,,,,4,,,,,,,,,,,,,,,,,,,,,,,,0,1,1,9,,,,,,,,,,,,,,,,,,,,,,,,,,,,,,,,,,,,,,,,,0,1,2
10,rca8luds,,0,1,22,bms_experiment,Introduction,2020-08-21 12:48:41.340114+00:00,1,,,0,0.00,612nydpi,,,,,0,0.00,1.0,10,,,,,,,,,,,,,,,,,,,,,,,,,,,,,,,,,,,,,,,,,0,1,1,10,,,,,,,,,,,,,,,,,,,,,,,,,,,,,,,,,,,,,,,,,0,1,2
11,nd8tia59,,0,1,22,bms_experiment,Introduction,2020-08-21 12:48:56.348694+00:00,1,,,0,0.00,612nydpi,,,,,0,0.00,1.0,11,,,,,,,,,,,,,,,,,,,,,,,,,,,,,,,,,,,,,,,,,0,1,1,11,,,,,,,,,,,,,,,,,,,,,,,,,,,,,,,,,,,,,,,,,0,1,2
12,wm0mi6na,,0,4,22,bms_experiment,ActualUnderstandingSurvey,2020-08-21 12:49:11.320887+00:00,1,,,0,0.00,612nydpi,,,,,0,0.00,1.0,12,detailed,20,1,0,,,,,,,,,,,,,4,,,,,,,,,,,,,,,,,,,,,,,,0,1,1,12,,,,,,,,,,,,,,,,,,,,,,,,,,,,,,,,,,,,,,,,,0,1,2
13,bq9bdj6i,,0,22,22,bms_experiment,Ending,2020-08-21 12:51:30.791858+00:00,1,,,0,0.00,612nydpi,,,,,0,0.00,1.0,13,brief,20,1,1,,,,,,,,,,,,,5,0,0,1,0,0,0,0,1,0,0,1,0,0,1,0,0,0,0,1,0,black,yellow,,0,1,1,13,,,,,5,2,1,5,5,1,5,1,1,5,5,1,5,0,0,1,0,0,0,0,1,0,0,1,0,0,1,0,0,0,0,1,0,,,1,0,1,2
14,na6wjk6m,,0,4,22,bms_experiment,ActualUnderstandingSurvey,2020-08-21 12:53:22.222893+00:00,1,,,0,0.00,612nydpi,,,,,0,0.00,1.0,14,detailed,20,1,1,,,,,,,,,,,,,4,,,,,,,,,,,,,,,,,,,,,,,,0,1,1,14,,,,,,,,,,,,,,,,,,,,,,,,,,,,,,,,,,,,,,,,,0,1,2
15,f1ej66jl,,0,1,22,bms_experiment,Introduction,2020-08-21 12:54:29.336114+00:00,1,,,0,0.00,612nydpi,,,,,0,0.00,1.0,15,,,,,,,,,,,,,,,,,,,,,,,,,,,,,,,,,,,,,,,,,0,1,1,15,,,,,,,,,,,,,,,,,,,,,,,,,,,,,,,,,,,,,,,,,0,1,2
16,qg28l4r1,,0,22,22,bms_experiment,Ending,2020-08-21 12:54:48.194024+00:00,1,,,0,0.00,612nydpi,,,,,0,0.00,1.0,16,detailed,20,1,1,,,,,,,,,,,,,3,0,0,1,0,0,0,0,0,1,0,0,0,0,0,1,1,0,0,0,0,yellow,,,0,1,1,16,,,,,5,1,1,5,5,1,5,1,1,5,5,1,4,0,0,1,0,0,0,0,1,0,0,0,1,0,0,0,1,0,0,0,0,,,1,0,1,2
17,8enyj4j3,,0,1,22,bms_experiment,Introduction,2020-08-21 12:54:59.938327+00:00,1,,,0,0.00,612nydpi,,,,,0,0.00,1.0,17,,,,,,,,,,,,,,,,,,,,,,,,,,,,,,,,,,,,,,,,,0,1,1,17,,,,,,,,,,,,,,,,,,,,,,,,,,,,,,,,,,,,,,,,,0,1,2
18,hn1ucokl,,0,22,22,bms_experiment,Ending,2020-08-21 12:55:29.551925+00:00,1,,,0,0.00,612nydpi,,,,,0,0.00,1.0,18,detailed,20,0,1,,,,,,,,,,,,,3,0,0,1,0,0,0,0,0,1,0,1,1,0,1,0,0,0,0,1,0,yellow,,,0,1,1,18,,,,,4,2,1,4,4,1,4,1,2,5,4,2,4,0,0,0,0,0,0,0,0,1,0,1,1,0,1,0,0,0,0,1,0,,,1,0,1,2
19,ornra6rn,,0,4,22,bms_experiment,ActualUnderstandingSurvey,2020-08-21 12:58:09.456039+00:00,1,,,0,0.00,612nydpi,,,,,0,0.00,1.0,19,detailed,21,0,0,,,,,,,,,,,,,1,,,,,,,,,,,,,,,,,,,,,,,,0,1,1,19,,,,,,,,,,,,,,,,,,,,,,,,,,,,,,,,,,,,,,,,,0,1,2
20,s0btwnyy,,0,22,22,bms_experiment,Ending,2020-08-21 12:59:44.097283+00:00,1,,,0,0.00,612nydpi,,,,,0,0.00,1.0,20,detailed,20,1,1,,,,,,,,,,,,,4,0,0,1,0,0,0,0,1,0,0,1,0,0,1,0,0,0,0,1,0,green,yellow,,0,1,1,20,,,,,5,1,1,4,1,1,5,1,1,4,5,1,5,0,0,0,1,0,0,0,1,0,0,1,0,0,1,0,0,0,0,1,0,,,1,0,1,2
21,sbrrhxnz,,0,2,22,bms_experiment,GeneralInformationSurvey,2020-08-21 13:06:30.769809+00:00,1,,,0,0.00,612nydpi,,,,,0,0.00,1.0,21,,,,,,,,,,,,,,,,,,,,,,,,,,,,,,,,,,,,,,,,,0,1,1,21,,,,,,,,,,,,,,,,,,,,,,,,,,,,,,,,,,,,,,,,,0,1,2
22,ap9pxu84,,0,11,22,bms_experiment,Ending,2020-08-21 13:13:18.272039+00:00,1,,,0,0.00,612nydpi,,,,,0,0.00,1.0,22,no,22,1,1,5,1,1,5,5,1,5,1,1,5,5,1,4,0,0,1,0,0,1,0,0,0,0,0,1,0,0,0,0,1,0,0,0,,,1,0,1,1,22,,,,,,,,,,,,,,,,,,,,,,,,,,,,,,,,,,,,,,,,,0,1,2
23,v8anmlvn,,0,22,22,bms_experiment,Ending,2020-08-21 13:13:25.343526+00:00,1,,,0,0.00,612nydpi,,,,,0,0.00,1.0,23,detailed,20,1,0,,,,,,,,,,,,,4,1,0,1,0,0,0,0,1,0,0,1,1,0,1,0,0,0,0,1,0,black,yellow,,0,1,1,23,,,,,5,1,1,5,5,1,5,1,1,4,2,2,4,0,0,1,0,0,0,0,1,0,0,1,1,0,1,0,0,0,0,1,0,,,1,0,1,2
24,kjkf759x,,0,1,22,bms_experiment,Introduction,2020-08-21 13:23:32.771265+00:00,1,,,0,0.00,612nydpi,,,,,0,0.00,1.0,24,,,,,,,,,,,,,,,,,,,,,,,,,,,,,,,,,,,,,,,,,0,1,1,24,,,,,,,,,,,,,,,,,,,,,,,,,,,,,,,,,,,,,,,,,0,1,2
25,j3wxamc2,,0,1,22,bms_experiment,Introduction,2020-08-21 13:35:27.128787+00:00,1,,,0,0.00,612nydpi,,,,,0,0.00,1.0,25,,,,,,,,,,,,,,,,,,,,,,,,,,,,,,,,,,,,,,,,,0,1,1,25,,,,,,,,,,,,,,,,,,,,,,,,,,,,,,,,,,,,,,,,,0,1,2
26,0dyw3uho,,0,11,22,bms_experiment,Ending,2020-08-21 14:37:58.667330+00:00,1,,,0,0.00,612nydpi,,,,,0,0.00,1.0,26,no,19,0,1,5,1,1,5,5,1,5,1,1,5,5,1,5,0,0,1,0,0,0,0,0,1,0,1,0,0,1,0,0,0,0,1,0,,,1,0,1,1,26,,,,,,,,,,,,,,,,,,,,,,,,,,,,,,,,,,,,,,,,,0,1,2
27,3cjplq6s,,0,11,22,bms_experiment,Ending,2020-08-21 21:56:18.986015+00:00,1,,,0,0.00,612nydpi,,,,,0,0.00,1.0,27,no,20,0,0,3,4,2,3,3,5,4,2,4,2,3,5,3,1,0,0,0,0,1,0,0,0,0,0,1,0,0,0,0,0,0,1,0,,,1,0,1,1,27,,,,,,,,,,,,,,,,,,,,,,,,,,,,,,,,,,,,,,,,,0,1,2
28,9r5fzxk4,,0,1,22,bms_experiment,Introduction,2020-08-22 09:07:31.301215+00:00,1,,,0,0.00,612nydpi,,,,,0,0.00,1.0,28,,,,,,,,,,,,,,,,,,,,,,,,,,,,,,,,,,,,,,,,,0,1,1,28,,,,,,,,,,,,,,,,,,,,,,,,,,,,,,,,,,,,,,,,,0,1,2
29,znhe0xqj,,0,1,22,bms_experiment,Introduction,2020-08-22 09:07:55.266936+00:00,1,,,0,0.00,612nydpi,,,,,0,0.00,1.0,29,,,,,,,,,,,,,,,,,,,,,,,,,,,,,,,,,,,,,,,,,0,1,1,29,,,,,,,,,,,,,,,,,,,,,,,,,,,,,,,,,,,,,,,,,0,1,2
30,4s3ong7h,,0,1,22,bms_experiment,Introduction,2020-08-22 09:08:02.840590+00:00,1,,,0,0.00,612nydpi,,,,,0,0.00,1.0,30,,,,,,,,,,,,,,,,,,,,,,,,,,,,,,,,,,,,,,,,,0,1,1,30,,,,,,,,,,,,,,,,,,,,,,,,,,,,,,,,,,,,,,,,,0,1,2
31,pw2cjhpa,,0,1,22,bms_experiment,Introduction,2020-08-22 09:08:15.175510+00:00,1,,,0,0.00,612nydpi,,,,,0,0.00,1.0,31,,,,,,,,,,,,,,,,,,,,,,,,,,,,,,,,,,,,,,,,,0,1,1,31,,,,,,,,,,,,,,,,,,,,,,,,,,,,,,,,,,,,,,,,,0,1,2
32,1odv59rj,,0,1,22,bms_experiment,Introduction,2020-08-22 09:10:54.900278+00:00,1,,,0,0.00,612nydpi,,,,,0,0.00,1.0,32,,,,,,,,,,,,,,,,,,,,,,,,,,,,,,,,,,,,,,,,,0,1,1,32,,,,,,,,,,,,,,,,,,,,,,,,,,,,,,,,,,,,,,,,,0,1,2
33,pqml6017,,0,15,22,bms_experiment,ActualUnderstandingSurvey,2020-08-22 09:11:15.054424+00:00,1,,,0,0.00,612nydpi,,,,,0,0.00,1.0,33,brief,20,1,0,,,,,,,,,,,,,3,0,0,1,0,0,0,0,1,0,0,1,0,0,1,0,0,0,0,1,0,black,yellow,,0,1,1,33,,,,,,,,,,,,,,,,,3,,,,,,,,,,,,,,,,,,,,,,,,0,1,2
34,w7dg4ko9,,0,2,22,bms_experiment,GeneralInformationSurvey,2020-08-22 09:12:40.167134+00:00,1,,,0,0.00,612nydpi,,,,,0,0.00,1.0,34,,,,,,,,,,,,,,,,,,,,,,,,,,,,,,,,,,,,,,,,,0,1,1,34,,,,,,,,,,,,,,,,,,,,,,,,,,,,,,,,,,,,,,,,,0,1,2
35,7i2vpbie,,0,11,22,bms_experiment,Ending,2020-08-22 09:12:49.034676+00:00,1,,,0,0.00,612nydpi,,,,,0,0.00,1.0,35,no,23,0,1,3,3,2,4,4,1,3,2,2,3,2,3,4,0,0,1,0,0,0,0,0,1,0,1,0,0,1,0,0,0,0,1,0,,,1,0,1,1,35,,,,,,,,,,,,,,,,,,,,,,,,,,,,,,,,,,,,,,,,,0,1,2
36,xu7svj7p,,0,11,22,bms_experiment,Ending,2020-08-22 09:13:46.467173+00:00,1,,,0,0.00,612nydpi,,,,,0,0.00,1.0,36,no,19,0,1,4,1,1,4,4,2,4,2,2,4,3,3,3,0,0,1,0,0,0,0,1,0,0,1,0,0,0,0,0,0,0,1,0,,,1,0,1,1,36,,,,,,,,,,,,,,,,,,,,,,,,,,,,,,,,,,,,,,,,,0,1,2
37,iopn0jlr,,0,11,22,bms_experiment,Ending,2020-08-22 09:13:57.451659+00:00,1,,,0,0.00,612nydpi,,,,,0,0.00,1.0,37,no,20,1,1,5,2,1,5,5,1,5,1,3,3,5,3,4,0,0,1,0,0,0,0,0,0,1,1,0,0,1,0,0,0,0,1,0,,,1,0,1,1,37,,,,,,,,,,,,,,,,,,,,,,,,,,,,,,,,,,,,,,,,,0,1,2
38,r1256o4u,,0,11,22,bms_experiment,Ending,2020-08-22 09:14:04.736271+00:00,1,,,0,0.00,612nydpi,,,,,0,0.00,1.0,38,no,28,1,1,3,3,1,4,4,1,4,1,1,3,3,3,4,0,0,0,1,0,0,0,0,1,0,1,1,0,1,0,0,0,0,1,0,,,1,0,1,1,38,,,,,,,,,,,,,,,,,,,,,,,,,,,,,,,,,,,,,,,,,0,1,2
39,ynjrfqde,,0,11,22,bms_experiment,Ending,2020-08-22 09:14:07.744587+00:00,1,,,0,0.00,612nydpi,,,,,0,0.00,1.0,39,no,20,1,1,5,1,1,5,5,1,5,1,1,5,5,1,5,0,0,1,0,0,0,0,0,1,0,1,0,0,1,0,0,0,0,1,0,,,1,0,1,1,39,,,,,,,,,,,,,,,,,,,,,,,,,,,,,,,,,,,,,,,,,0,1,2
40,dj50z4xy,,0,22,22,bms_experiment,Ending,2020-08-22 09:16:26.875580+00:00,1,,,0,0.00,612nydpi,,,,,0,0.00,1.0,40,brief,20,1,1,,,,,,,,,,,,,5,0,0,1,0,0,0,0,0,1,0,1,0,0,1,0,0,0,0,1,0,yellow,,,0,1,1,40,,,,,5,1,1,5,1,1,4,1,2,1,5,1,5,0,0,0,1,0,0,0,0,1,0,1,0,0,1,0,0,0,0,1,0,,,1,0,1,2
41,kddlp5r9,,0,22,22,bms_experiment,Ending,2020-08-22 09:16:29.415199+00:00,1,,,0,0.00,612nydpi,,,,,0,0.00,1.0,41,brief,20,1,1,,,,,,,,,,,,,4,0,0,1,0,0,0,0,1,0,0,1,0,0,1,0,0,0,0,1,0,yellow,,,0,1,1,41,,,,,5,1,1,5,5,1,5,1,1,5,4,2,5,0,0,1,0,0,0,0,1,0,0,1,0,0,1,0,0,0,0,1,0,,,1,0,1,2
42,g93abj4d,,0,4,22,bms_experiment,ActualUnderstandingSurvey,2020-08-22 09:16:40.473168+00:00,1,,,0,0.00,612nydpi,,,,,0,0.00,1.0,42,brief,21,1,1,,,,,,,,,,,,,3,,,,,,,,,,,,,,,,,,,,,,,,0,1,1,42,,,,,,,,,,,,,,,,,,,,,,,,,,,,,,,,,,,,,,,,,0,1,2
43,nv2zu5tb,,0,22,22,bms_experiment,Ending,2020-08-22 09:18:20.414051+00:00,1,,,0,0.00,612nydpi,,,,,0,0.00,1.0,43,brief,25,1,1,,,,,,,,,,,,,4,0,0,1,0,0,0,0,0,1,0,1,0,0,1,0,0,0,0,1,0,yellow,,,0,1,1,43,,,,,4,2,1,5,5,2,5,1,1,2,2,2,4,0,0,1,0,0,0,0,0,1,0,1,0,0,1,0,0,0,0,1,0,,,1,0,1,2
44,ymv5u9vc,,0,22,22,bms_experiment,Ending,2020-08-22 09:18:44.315188+00:00,1,,,0,0.00,612nydpi,,,,,0,0.00,1.0,44,brief,19,0,1,,,,,,,,,,,,,5,0,0,1,0,0,0,0,1,0,0,1,0,0,1,0,0,0,0,1,0,yellow,,,0,1,1,44,,,,,5,1,1,5,5,1,5,1,1,5,5,1,5,0,0,1,0,0,0,0,0,1,0,1,0,0,1,0,0,0,0,1,0,,,1,0,1,2
45,7qlxzmsp,,0,3,22,bms_experiment,PerceivedUnderstandingSurvey,2020-08-22 09:19:37.007896+00:00,1,,,0,0.00,612nydpi,,,,,0,0.00,1.0,45,brief,20,1,1,,,,,,,,,,,,,,,,,,,,,,,,,,,,,,,,,,,,,0,1,1,45,,,,,,,,,,,,,,,,,,,,,,,,,,,,,,,,,,,,,,,,,0,1,2
46,ntr5a59j,,0,22,22,bms_experiment,Ending,2020-08-22 09:20:22.410139+00:00,1,,,0,0.00,612nydpi,,,,,0,0.00,1.0,46,brief,20,1,1,,,,,,,,,,,,,4,0,0,1,0,0,0,0,0,1,0,1,0,0,1,0,0,0,0,0,1,black,yellow,,0,1,1,46,,,,,4,1,2,5,5,1,5,1,1,3,3,3,3,0,0,1,0,0,0,0,0,1,0,1,0,0,1,0,0,0,0,1,0,,,1,0,1,2
47,6hkezdk7,,0,22,22,bms_experiment,Ending,2020-08-22 09:21:39.045889+00:00,1,,,0,0.00,612nydpi,,,,,0,0.00,1.0,47,detailed,25,0,1,,,,,,,,,,,,,4,0,0,1,0,0,0,0,1,0,0,1,0,0,1,0,0,0,0,1,0,yellow,,,0,1,1,47,,,,,4,1,1,5,5,2,5,1,1,5,5,1,4,1,0,1,0,0,0,0,1,0,0,1,0,0,1,0,0,0,0,1,0,,,1,0,1,2
48,7slio05u,,0,5,22,bms_experiment,Information,2020-08-22 09:23:14.129660+00:00,1,,,0,0.00,612nydpi,,,,,0,0.00,1.0,48,brief,30,1,0,,,,,,,,,,,,,1,0,0,1,0,0,0,0,0,0,1,1,0,0,1,0,0,0,0,0,1,,,,0,1,1,48,,,,,,,,,,,,,,,,,,,,,,,,,,,,,,,,,,,,,,,,,0,1,2
49,ogsj5ti2,,0,1,22,bms_experiment,Introduction,2020-08-22 09:28:24.175434+00:00,1,,,0,0.00,612nydpi,,,,,0,0.00,1.0,49,,,,,,,,,,,,,,,,,,,,,,,,,,,,,,,,,,,,,,,,,0,1,1,49,,,,,,,,,,,,,,,,,,,,,,,,,,,,,,,,,,,,,,,,,0,1,2
50,7gkf8hwp,,0,7,22,bms_experiment,Information,2020-08-22 09:32:18.872213+00:00,1,,,0,0.00,612nydpi,,,,,0,0.00,1.0,50,detailed,20,1,1,,,,,,,,,,,,,4,1,0,0,1,1,0,0,0,1,0,1,0,0,1,0,0,0,0,1,0,purple,,,0,1,1,50,,,,,,,,,,,,,,,,,,,,,,,,,,,,,,,,,,,,,,,,,0,1,2
51,258zkyoe,,0,1,22,bms_experiment,Introduction,2020-08-22 09:35:06.224318+00:00,1,,,0,0.00,612nydpi,,,,,0,0.00,1.0,51,,,,,,,,,,,,,,,,,,,,,,,,,,,,,,,,,,,,,,,,,0,1,1,51,,,,,,,,,,,,,,,,,,,,,,,,,,,,,,,,,,,,,,,,,0,1,2
52,w1oouh12,,0,22,22,bms_experiment,Ending,2020-08-22 09:35:44.652462+00:00,1,,,0,0.00,612nydpi,,,,,0,0.00,1.0,52,detailed,19,1,1,,,,,,,,,,,,,5,0,0,1,1,0,0,0,1,0,0,1,0,0,1,0,0,0,0,1,0,yellow,,,0,1,1,52,,,,,5,1,1,5,5,1,5,1,1,5,5,1,5,0,0,1,0,0,0,0,0,1,0,1,0,0,1,0,0,0,0,1,0,,,1,0,1,2
53,u42xxims,,0,15,22,bms_experiment,ActualUnderstandingSurvey,2020-08-22 09:36:29.304184+00:00,1,,,0,0.00,612nydpi,,,,,0,0.00,1.0,53,detailed,30,1,1,,,,,,,,,,,,,5,1,0,1,1,0,1,0,1,0,0,0,1,0,0,0,0,0,0,1,0,gray,yellow,,0,1,1,53,,,,,,,,,,,,,,,,,4,,,,,,,,,,,,,,,,,,,,,,,,0,1,2
54,bwx2ccec,,0,1,22,bms_experiment,Introduction,2020-08-22 09:37:13.842514+00:00,1,,,0,0.00,612nydpi,,,,,0,0.00,1.0,54,,,,,,,,,,,,,,,,,,,,,,,,,,,,,,,,,,,,,,,,,0,1,1,54,,,,,,,,,,,,,,,,,,,,,,,,,,,,,,,,,,,,,,,,,0,1,2
55,iabrq6a9,,0,5,22,bms_experiment,Information,2020-08-22 09:39:17.125938+00:00,1,,,0,0.00,612nydpi,,,,,0,0.00,1.0,55,brief,24,1,0,,,,,,,,,,,,,5,0,0,1,0,0,0,0,0,1,0,1,0,0,1,0,0,0,0,1,0,,,,0,1,1,55,,,,,,,,,,,,,,,,,,,,,,,,,,,,,,,,,,,,,,,,,0,1,2
56,rwjamlh0,,0,4,22,bms_experiment,ActualUnderstandingSurvey,2020-08-22 09:42:08.666586+00:00,1,,,0,0.00,612nydpi,,,,,0,0.00,1.0,56,detailed,21,1,1,,,,,,,,,,,,,4,,,,,,,,,,,,,,,,,,,,,,,,0,1,1,56,,,,,,,,,,,,,,,,,,,,,,,,,,,,,,,,,,,,,,,,,0,1,2
57,xy0a9rpq,,0,22,22,bms_experiment,Ending,2020-08-22 09:54:00.284514+00:00,1,,,0,0.00,612nydpi,,,,,0,0.00,1.0,57,detailed,19,1,1,,,,,,,,,,,,,4,0,0,1,0,0,0,0,0,1,0,1,0,0,1,0,0,1,0,1,0,yellow,,,0,1,1,57,,,,,5,1,1,5,5,1,5,1,1,5,5,1,4,0,0,1,0,0,0,0,0,1,0,1,0,0,1,0,0,0,0,1,0,,,1,0,1,2
58,8xrvbtnx,,0,1,22,bms_experiment,Introduction,2020-08-22 10:01:19.661626+00:00,1,,,0,0.00,612nydpi,,,,,0,0.00,1.0,58,,,,,,,,,,,,,,,,,,,,,,,,,,,,,,,,,,,,,,,,,0,1,1,58,,,,,,,,,,,,,,,,,,,,,,,,,,,,,,,,,,,,,,,,,0,1,2
59,amt619j7,,0,2,22,bms_experiment,GeneralInformationSurvey,2020-08-22 10:01:37.796272+00:00,1,,,0,0.00,612nydpi,,,,,0,0.00,1.0,59,,,,,,,,,,,,,,,,,,,,,,,,,,,,,,,,,,,,,,,,,0,1,1,59,,,,,,,,,,,,,,,,,,,,,,,,,,,,,,,,,,,,,,,,,0,1,2
60,6bqss1q2,,0,4,22,bms_experiment,ActualUnderstandingSurvey,2020-08-22 10:05:07.704659+00:00,1,,,0,0.00,612nydpi,,,,,0,0.00,1.0,60,detailed,25,0,1,,,,,,,,,,,,,5,,,,,,,,,,,,,,,,,,,,,,,,0,1,1,60,,,,,,,,,,,,,,,,,,,,,,,,,,,,,,,,,,,,,,,,,0,1,2
61,lhoq7cbx,,0,22,22,bms_experiment,Ending,2020-08-22 10:28:54.772164+00:00,1,,,0,0.00,612nydpi,,,,,0,0.00,1.0,61,detailed,18,1,1,,,,,,,,,,,,,4,0,0,1,0,0,0,0,0,1,0,1,0,0,1,0,0,0,0,1,0,orange,black,,0,1,1,61,,,,,5,1,1,5,5,1,5,1,1,5,5,1,5,0,0,1,0,0,0,0,0,1,0,1,0,0,1,0,0,0,0,1,0,,,1,0,1,2
62,22dx83qh,,0,4,22,bms_experiment,ActualUnderstandingSurvey,2020-08-22 10:36:42.196084+00:00,1,,,0,0.00,612nydpi,,,,,0,0.00,1.0,62,detailed,34,1,1,,,,,,,,,,,,,4,,,,,,,,,,,,,,,,,,,,,,,,0,1,1,62,,,,,,,,,,,,,,,,,,,,,,,,,,,,,,,,,,,,,,,,,0,1,2
63,0oxorvvl,,0,22,22,bms_experiment,Ending,2020-08-22 10:40:15.386677+00:00,1,,,0,0.00,612nydpi,,,,,0,0.00,1.0,63,detailed,20,1,1,,,,,,,,,,,,,3,0,0,1,0,0,0,0,1,0,0,1,1,0,1,0,0,0,0,1,0,purple,yellow,,0,1,1,63,,,,,4,2,1,4,4,2,5,1,4,2,4,3,4,0,0,1,0,0,0,0,1,0,0,1,1,0,1,0,0,0,0,1,0,,,1,0,1,2
64,27cm3e7q,,0,1,22,bms_experiment,Introduction,2020-08-22 10:41:27.412356+00:00,1,,,0,0.00,612nydpi,,,,,0,0.00,1.0,64,,,,,,,,,,,,,,,,,,,,,,,,,,,,,,,,,,,,,,,,,0,1,1,64,,,,,,,,,,,,,,,,,,,,,,,,,,,,,,,,,,,,,,,,,0,1,2
65,f34g6s9k,,0,2,22,bms_experiment,GeneralInformationSurvey,2020-08-22 10:46:15.128395+00:00,1,,,0,0.00,612nydpi,,,,,0,0.00,1.0,65,,,,,,,,,,,,,,,,,,,,,,,,,,,,,,,,,,,,,,,,,0,1,1,65,,,,,,,,,,,,,,,,,,,,,,,,,,,,,,,,,,,,,,,,,0,1,2
66,d8n0myrs,,0,1,22,bms_experiment,Introduction,2020-08-22 10:48:55.111911+00:00,1,,,0,0.00,612nydpi,,,,,0,0.00,1.0,66,,,,,,,,,,,,,,,,,,,,,,,,,,,,,,,,,,,,,,,,,0,1,1,66,,,,,,,,,,,,,,,,,,,,,,,,,,,,,,,,,,,,,,,,,0,1,2
67,k7uz0m1d,,0,1,22,bms_experiment,Introduction,2020-08-22 10:53:22.197900+00:00,1,,,0,0.00,612nydpi,,,,,0,0.00,1.0,67,,,,,,,,,,,,,,,,,,,,,,,,,,,,,,,,,,,,,,,,,0,1,1,67,,,,,,,,,,,,,,,,,,,,,,,,,,,,,,,,,,,,,,,,,0,1,2
68,mct8avyl,,0,15,22,bms_experiment,ActualUnderstandingSurvey,2020-08-22 11:08:10.638325+00:00,1,,,0,0.00,612nydpi,,,,,0,0.00,1.0,68,brief,20,1,0,,,,,,,,,,,,,4,1,0,1,0,0,0,0,1,0,0,1,0,0,1,0,0,0,0,0,1,black,yellow,,0,1,1,68,,,,,,,,,,,,,,,,,4,,,,,,,,,,,,,,,,,,,,,,,,0,1,2
69,uoa8svnz,,0,11,22,bms_experiment,Ending,2020-08-22 11:11:35.636745+00:00,1,,,0,0.00,612nydpi,,,,,0,0.00,1.0,69,no,23,1,1,4,3,2,3,3,3,5,1,2,3,4,2,4,0,0,1,0,0,0,0,0,1,0,1,0,1,1,0,0,0,0,1,0,,,1,0,1,1,69,,,,,,,,,,,,,,,,,,,,,,,,,,,,,,,,,,,,,,,,,0,1,2
70,39nb3lka,,0,22,22,bms_experiment,Ending,2020-08-22 12:11:29.602942+00:00,1,,,0,0.00,612nydpi,,,,,0,0.00,1.0,70,brief,19,0,0,,,,,,,,,,,,,3,1,0,0,1,0,1,0,0,0,0,1,1,0,1,0,1,1,1,1,0,gray,black,,0,1,1,70,,,,,2,2,1,3,2,4,4,3,3,1,2,3,3,1,0,0,1,0,1,0,1,0,0,1,1,0,1,0,1,1,1,1,0,,,1,0,1,2
71,2ik4e0o8,,0,22,22,bms_experiment,Ending,2020-08-22 12:14:19.728217+00:00,1,,,0,0.00,612nydpi,,,,,0,0.00,1.0,71,brief,19,0,0,,,,,,,,,,,,,3,0,0,0,1,1,0,1,0,0,0,1,0,0,1,0,0,0,0,1,0,yellow,,,0,1,1,71,,,,,4,2,1,5,4,2,5,1,2,4,4,2,4,0,0,0,1,0,0,0,1,0,0,1,0,0,1,0,1,0,0,0,0,,,1,0,1,2
72,izyvywd6,,0,22,22,bms_experiment,Ending,2020-08-22 12:39:58.995584+00:00,1,,,0,0.00,612nydpi,,,,,0,0.00,1.0,72,brief,19,1,1,,,,,,,,,,,,,4,0,0,1,0,0,0,0,0,1,0,1,0,0,1,0,0,0,0,0,1,red,yellow,,0,1,1,72,,,,,4,2,1,4,5,1,5,1,1,5,5,1,3,0,0,1,0,0,0,0,0,1,0,1,0,0,1,0,0,0,0,1,0,,,1,0,1,2
73,qq1v36py,,0,22,22,bms_experiment,Ending,2020-08-22 13:24:41.854607+00:00,1,,,0,0.00,612nydpi,,,,,0,0.00,1.0,73,detailed,55,0,1,,,,,,,,,,,,,3,0,0,0,0,1,0,0,0,0,1,0,0,0,1,0,0,0,0,1,0,yellow,,,0,1,1,73,,,,,5,1,1,5,5,1,5,1,1,1,2,1,4,0,0,1,0,0,0,0,1,0,0,1,0,1,1,0,0,0,0,1,0,,,1,0,1,2
74,ddbkqjeb,,0,11,22,bms_experiment,Ending,2020-08-22 14:39:01.692038+00:00,1,,,0,0.00,612nydpi,,,,,0,0.00,1.0,74,no,20,1,1,4,2,2,4,4,2,4,2,2,2,3,3,3,1,0,1,0,0,0,0,1,0,0,1,0,1,1,0,0,0,0,1,0,,,1,0,1,1,74,,,,,,,,,,,,,,,,,,,,,,,,,,,,,,,,,,,,,,,,,0,1,2
75,5dj0mjs8,,0,11,22,bms_experiment,Ending,2020-08-22 14:41:31.444365+00:00,1,,,0,0.00,612nydpi,,,,,0,0.00,1.0,75,no,21,0,1,4,2,2,1,3,3,5,1,1,3,3,4,4,0,0,1,0,0,0,0,1,0,0,1,0,0,1,0,0,0,0,1,0,,,1,0,1,1,75,,,,,,,,,,,,,,,,,,,,,,,,,,,,,,,,,,,,,,,,,0,1,2
76,28z5ov2i,,0,22,22,bms_experiment,Ending,2020-08-22 14:54:34.729390+00:00,1,,,0,0.00,612nydpi,,,,,0,0.00,1.0,76,brief,19,1,1,,,,,,,,,,,,,2,0,0,1,0,0,0,0,0,0,1,1,0,0,1,0,0,0,0,0,1,yellow,,,0,1,1,76,,,,,4,2,2,5,5,1,5,1,2,3,4,1,2,0,0,1,0,0,0,0,1,0,0,1,0,0,1,0,0,0,0,1,0,,,1,0,1,2
77,flsgfund,,0,4,22,bms_experiment,ActualUnderstandingSurvey,2020-08-22 15:14:43.771404+00:00,1,,,0,0.00,612nydpi,,,,,0,0.00,1.0,77,detailed,21,1,0,,,,,,,,,,,,,5,,,,,,,,,,,,,,,,,,,,,,,,0,1,1,77,,,,,,,,,,,,,,,,,,,,,,,,,,,,,,,,,,,,,,,,,0,1,2
78,0qdly16d,,0,22,22,bms_experiment,Ending,2020-08-22 15:19:31.878382+00:00,1,,,0,0.00,612nydpi,,,,,0,0.00,1.0,78,detailed,20,0,1,,,,,,,,,,,,,2,0,0,0,1,0,0,0,1,0,0,0,0,0,1,0,0,0,0,1,0,black,black,,0,1,1,78,,,,,5,4,1,4,4,1,4,1,3,5,4,3,4,0,0,1,0,0,0,0,1,0,0,0,0,0,1,0,0,0,0,1,0,,,1,0,1,2
79,eskgu3to,,0,1,22,bms_experiment,Introduction,2020-08-22 15:40:31.150777+00:00,1,,,0,0.00,612nydpi,,,,,0,0.00,1.0,79,,,,,,,,,,,,,,,,,,,,,,,,,,,,,,,,,,,,,,,,,0,1,1,79,,,,,,,,,,,,,,,,,,,,,,,,,,,,,,,,,,,,,,,,,0,1,2
80,g7lmcbjb,,0,1,22,bms_experiment,Introduction,2020-08-22 15:45:05.918656+00:00,1,,,0,0.00,612nydpi,,,,,0,0.00,1.0,80,,,,,,,,,,,,,,,,,,,,,,,,,,,,,,,,,,,,,,,,,0,1,1,80,,,,,,,,,,,,,,,,,,,,,,,,,,,,,,,,,,,,,,,,,0,1,2
81,3q9yvok1,,0,1,22,bms_experiment,Introduction,2020-08-22 15:51:21.397183+00:00,1,,,0,0.00,612nydpi,,,,,0,0.00,1.0,81,,,,,,,,,,,,,,,,,,,,,,,,,,,,,,,,,,,,,,,,,0,1,1,81,,,,,,,,,,,,,,,,,,,,,,,,,,,,,,,,,,,,,,,,,0,1,2
82,xj3uc4vs,,0,1,22,bms_experiment,Introduction,2020-08-22 18:33:49.631452+00:00,1,,,0,0.00,612nydpi,,,,,0,0.00,1.0,82,,,,,,,,,,,,,,,,,,,,,,,,,,,,,,,,,,,,,,,,,0,1,1,82,,,,,,,,,,,,,,,,,,,,,,,,,,,,,,,,,,,,,,,,,0,1,2
83,ih53n2z3,,0,22,22,bms_experiment,Ending,2020-08-23 05:59:17.408129+00:00,1,,,0,0.00,612nydpi,,,,,0,0.00,1.0,83,brief,23,0,1,,,,,,,,,,,,,1,0,0,1,0,1,1,0,1,0,1,1,0,1,1,0,0,0,0,0,1,yellow,,,0,1,1,83,,,,,5,3,1,5,2,2,5,1,2,2,2,3,2,0,0,1,0,0,1,0,1,0,0,1,0,1,1,0,0,0,0,1,0,,,1,0,1,2
84,x2eb9s46,,0,2,22,bms_experiment,GeneralInformationSurvey,2020-08-23 07:03:35.790488+00:00,1,,,0,0.00,612nydpi,,,,,0,0.00,1.0,84,,,,,,,,,,,,,,,,,,,,,,,,,,,,,,,,,,,,,,,,,0,1,1,84,,,,,,,,,,,,,,,,,,,,,,,,,,,,,,,,,,,,,,,,,0,1,2
85,9t85s31n,,0,22,22,bms_experiment,Ending,2020-08-23 12:41:49.078232+00:00,1,,,0,0.00,612nydpi,,,,,0,0.00,1.0,85,detailed,21,1,1,,,,,,,,,,,,,4,0,0,1,0,0,0,0,0,1,0,1,0,0,1,0,0,0,0,1,0,gray,black,,0,1,1,85,,,,,1,1,1,5,5,1,5,1,1,5,5,1,4,0,0,1,0,0,0,0,0,1,0,1,0,0,1,0,0,0,0,1,0,,,1,0,1,2
86,gzs7amyl,,0,1,22,bms_experiment,Introduction,2020-08-23 13:09:27.557439+00:00,1,,,0,0.00,612nydpi,,,,,0,0.00,1.0,86,,,,,,,,,,,,,,,,,,,,,,,,,,,,,,,,,,,,,,,,,0,1,1,86,,,,,,,,,,,,,,,,,,,,,,,,,,,,,,,,,,,,,,,,,0,1,2
87,tul8fz6q,,0,2,22,bms_experiment,GeneralInformationSurvey,2020-08-23 13:10:16.255150+00:00,1,,,0,0.00,612nydpi,,,,,0,0.00,1.0,87,,,,,,,,,,,,,,,,,,,,,,,,,,,,,,,,,,,,,,,,,0,1,1,87,,,,,,,,,,,,,,,,,,,,,,,,,,,,,,,,,,,,,,,,,0,1,2
88,lcp2hs0n,,0,1,22,bms_experiment,Introduction,2020-08-23 13:10:27.020863+00:00,1,,,0,0.00,612nydpi,,,,,0,0.00,1.0,88,,,,,,,,,,,,,,,,,,,,,,,,,,,,,,,,,,,,,,,,,0,1,1,88,,,,,,,,,,,,,,,,,,,,,,,,,,,,,,,,,,,,,,,,,0,1,2
89,6l0r61h0,,0,2,22,bms_experiment,GeneralInformationSurvey,2020-08-23 13:10:27.375386+00:00,1,,,0,0.00,612nydpi,,,,,0,0.00,1.0,89,,,,,,,,,,,,,,,,,,,,,,,,,,,,,,,,,,,,,,,,,0,1,1,89,,,,,,,,,,,,,,,,,,,,,,,,,,,,,,,,,,,,,,,,,0,1,2
90,jt02hngh,,0,1,22,bms_experiment,Introduction,2020-08-23 13:13:00.434506+00:00,1,,,0,0.00,612nydpi,,,,,0,0.00,1.0,90,,,,,,,,,,,,,,,,,,,,,,,,,,,,,,,,,,,,,,,,,0,1,1,90,,,,,,,,,,,,,,,,,,,,,,,,,,,,,,,,,,,,,,,,,0,1,2
91,dti85jkb,,0,1,22,bms_experiment,Introduction,2020-08-23 13:13:02.436919+00:00,1,,,0,0.00,612nydpi,,,,,0,0.00,1.0,91,,,,,,,,,,,,,,,,,,,,,,,,,,,,,,,,,,,,,,,,,0,1,1,91,,,,,,,,,,,,,,,,,,,,,,,,,,,,,,,,,,,,,,,,,0,1,2
92,paxtwlvk,,0,1,22,bms_experiment,Introduction,2020-08-23 13:20:57.694420+00:00,1,,,0,0.00,612nydpi,,,,,0,0.00,1.0,92,,,,,,,,,,,,,,,,,,,,,,,,,,,,,,,,,,,,,,,,,0,1,1,92,,,,,,,,,,,,,,,,,,,,,,,,,,,,,,,,,,,,,,,,,0,1,2
93,zdft27gf,,0,11,22,bms_experiment,Ending,2020-08-23 13:51:29.781081+00:00,1,,,0,0.00,612nydpi,,,,,0,0.00,1.0,93,no,54,1,1,4,2,1,4,5,1,4,1,1,4,4,1,4,0,0,1,0,0,0,0,1,0,0,1,0,0,1,0,0,1,0,0,0,,,1,0,1,1,93,,,,,,,,,,,,,,,,,,,,,,,,,,,,,,,,,,,,,,,,,0,1,2
94,kvoah14c,,0,1,22,bms_experiment,Introduction,2020-08-23 14:12:24.976299+00:00,1,,,0,0.00,612nydpi,,,,,0,0.00,1.0,94,,,,,,,,,,,,,,,,,,,,,,,,,,,,,,,,,,,,,,,,,0,1,1,94,,,,,,,,,,,,,,,,,,,,,,,,,,,,,,,,,,,,,,,,,0,1,2
95,uav5r2wz,,0,1,22,bms_experiment,Introduction,2020-08-23 16:35:24.505315+00:00,1,,,0,0.00,612nydpi,,,,,0,0.00,1.0,95,,,,,,,,,,,,,,,,,,,,,,,,,,,,,,,,,,,,,,,,,0,1,1,95,,,,,,,,,,,,,,,,,,,,,,,,,,,,,,,,,,,,,,,,,0,1,2
96,cciak80h,,0,2,22,bms_experiment,GeneralInformationSurvey,2020-08-23 16:35:34.068393+00:00,1,,,0,0.00,612nydpi,,,,,0,0.00,1.0,96,,,,,,,,,,,,,,,,,,,,,,,,,,,,,,,,,,,,,,,,,0,1,1,96,,,,,,,,,,,,,,,,,,,,,,,,,,,,,,,,,,,,,,,,,0,1,2
97,rfzqm66i,,0,2,22,bms_experiment,GeneralInformationSurvey,2020-08-23 16:38:39.939378+00:00,1,,,0,0.00,612nydpi,,,,,0,0.00,1.0,97,,,,,,,,,,,,,,,,,,,,,,,,,,,,,,,,,,,,,,,,,0,1,1,97,,,,,,,,,,,,,,,,,,,,,,,,,,,,,,,,,,,,,,,,,0,1,2
98,ee2302g7,,0,2,22,bms_experiment,GeneralInformationSurvey,2020-08-23 16:49:24.556111+00:00,1,,,0,0.00,612nydpi,,,,,0,0.00,1.0,98,,,,,,,,,,,,,,,,,,,,,,,,,,,,,,,,,,,,,,,,,0,1,1,98,,,,,,,,,,,,,,,,,,,,,,,,,,,,,,,,,,,,,,,,,0,1,2
99,13qikkfe,,0,22,22,bms_experiment,Ending,2020-08-23 16:54:30.085636+00:00,1,,,0,0.00,612nydpi,,,,,0,0.00,1.0,99,brief,24,1,1,,,,,,,,,,,,,5,0,0,1,0,0,0,0,0,0,1,1,0,0,1,0,0,0,0,1,0,red,yellow,,0,1,1,99,,,,,3,3,2,4,3,1,4,1,2,5,5,2,4,0,0,1,0,0,0,0,0,1,0,1,0,0,1,0,0,0,0,1,0,,,1,0,1,2
100,4m1k4wqg,,0,22,22,bms_experiment,Ending,2020-08-23 16:59:00.786455+00:00,1,,,0,0.00,612nydpi,,,,,0,0.00,1.0,100,brief,25,1,1,,,,,,,,,,,,,5,0,0,1,0,0,0,0,0,1,0,1,1,0,1,0,0,0,0,0,1,white,yellow,,0,1,1,100,,,,,4,2,1,5,5,1,5,1,1,5,1,1,3,0,0,1,0,0,0,0,0,1,0,1,1,0,1,0,0,0,0,1,0,,,1,0,1,2
101,l31osgmv,,0,1,22,bms_experiment,Introduction,2020-08-23 17:13:59.602221+00:00,1,,,0,0.00,612nydpi,,,,,0,0.00,1.0,101,,,,,,,,,,,,,,,,,,,,,,,,,,,,,,,,,,,,,,,,,0,1,1,101,,,,,,,,,,,,,,,,,,,,,,,,,,,,,,,,,,,,,,,,,0,1,2
102,8xjxsq6x,,0,22,22,bms_experiment,Ending,2020-08-23 17:16:22.918596+00:00,1,,,0,0.00,612nydpi,,,,,0,0.00,1.0,102,detailed,28,1,1,,,,,,,,,,,,,5,0,0,1,0,0,0,0,0,1,0,1,0,0,1,0,0,0,0,1,0,blue,yellow,,0,1,1,102,,,,,5,1,1,4,5,1,5,1,1,5,4,2,5,0,0,1,0,0,0,0,0,1,0,1,0,0,1,0,0,0,0,1,0,,,1,0,1,2
103,n0ncwoib,,0,22,22,bms_experiment,Ending,2020-08-23 17:40:25.302191+00:00,1,,,0,0.00,612nydpi,,,,,0,0.00,1.0,103,detailed,27,0,1,,,,,,,,,,,,,3,0,0,1,0,0,0,0,0,0,1,1,0,0,1,0,0,0,0,1,0,red,yellow,,0,1,1,103,,,,,4,2,1,5,5,1,5,1,2,2,4,1,3,0,0,1,0,0,0,0,1,0,0,1,0,0,1,0,0,0,0,1,0,,,1,0,1,2
104,2ixn1vh6,,0,9,22,bms_experiment,TrustSurvey,2020-08-23 17:45:35.937998+00:00,1,,,0,0.00,612nydpi,,,,,0,0.00,1.0,104,no,12,2,1,,,,,,,,,,,,,1,1,0,1,1,0,0,1,1,0,0,1,0,0,1,0,0,0,0,1,0,,,,0,1,1,104,,,,,,,,,,,,,,,,,,,,,,,,,,,,,,,,,,,,,,,,,0,1,2
105,ix8d8j8c,,0,11,22,bms_experiment,Ending,2020-08-23 18:02:25.076083+00:00,1,,,0,0.00,612nydpi,,,,,0,0.00,1.0,105,no,29,1,1,4,1,1,5,5,1,4,1,2,5,1,1,4,0,0,1,0,0,0,0,0,1,0,1,0,1,1,0,0,0,0,1,0,,,1,0,1,1,105,,,,,,,,,,,,,,,,,,,,,,,,,,,,,,,,,,,,,,,,,0,1,2
106,nl5awqwp,,0,11,22,bms_experiment,Ending,2020-08-23 18:49:48.194344+00:00,1,,,0,0.00,612nydpi,,,,,0,0.00,1.0,106,no,55,1,1,5,2,1,5,4,1,5,1,1,2,4,3,3,1,0,0,0,0,1,0,0,0,0,1,0,0,1,0,0,1,0,1,0,,,1,0,1,1,106,,,,,,,,,,,,,,,,,,,,,,,,,,,,,,,,,,,,,,,,,0,1,2
107,mga9zhlt,,0,11,22,bms_experiment,Ending,2020-08-23 18:54:46.198030+00:00,1,,,0,0.00,612nydpi,,,,,0,0.00,1.0,107,no,52,0,1,4,2,1,5,4,2,4,1,1,2,4,2,3,0,0,1,0,0,0,0,1,0,0,1,0,0,1,0,0,1,0,1,0,,,1,0,1,1,107,,,,,,,,,,,,,,,,,,,,,,,,,,,,,,,,,,,,,,,,,0,1,2
108,70d9uiqb,,0,2,22,bms_experiment,GeneralInformationSurvey,2020-08-23 19:01:30.084431+00:00,1,,,0,0.00,612nydpi,,,,,0,0.00,1.0,108,,,,,,,,,,,,,,,,,,,,,,,,,,,,,,,,,,,,,,,,,0,1,1,108,,,,,,,,,,,,,,,,,,,,,,,,,,,,,,,,,,,,,,,,,0,1,2
109,b5wglmxv,,0,15,22,bms_experiment,ActualUnderstandingSurvey,2020-08-23 20:51:43.494729+00:00,1,,,0,0.00,612nydpi,,,,,0,0.00,1.0,109,brief,25,0,1,,,,,,,,,,,,,4,1,0,0,1,0,0,0,0,0,1,0,0,0,0,1,0,0,1,0,0,blue,yellow,,0,1,1,109,,,,,,,,,,,,,,,,,4,,,,,,,,,,,,,,,,,,,,,,,,0,1,2
110,5bthy3b1,,0,22,22,bms_experiment,Ending,2020-08-24 05:25:20.497600+00:00,1,,,0,0.00,612nydpi,,,,,0,0.00,1.0,110,brief,54,1,1,,,,,,,,,,,,,4,0,0,1,0,0,0,0,1,0,0,1,0,0,1,0,0,0,0,1,0,yellow,,,0,1,1,110,,,,,4,1,1,5,5,1,5,1,1,5,5,1,3,0,0,0,1,0,1,0,0,0,0,1,0,0,1,0,0,0,0,1,0,,,1,0,1,2
111,hihnbesb,,0,11,22,bms_experiment,Ending,2020-08-24 06:37:59.604685+00:00,1,,,0,0.00,612nydpi,,,,,0,0.00,1.0,111,no,27,0,0,3,3,1,4,5,1,4,2,2,3,3,3,4,0,0,1,0,0,0,0,0,1,0,0,0,0,1,0,0,0,0,1,0,,,1,0,1,1,111,,,,,,,,,,,,,,,,,,,,,,,,,,,,,,,,,,,,,,,,,0,1,2
112,wit9pzdv,,0,22,22,bms_experiment,Ending,2020-08-24 07:20:45.410200+00:00,1,,,0,0.00,612nydpi,,,,,0,0.00,1.0,112,detailed,44,1,1,,,,,,,,,,,,,3,0,0,1,0,0,0,0,1,0,0,1,1,1,1,0,0,1,0,1,0,red,white,,0,1,1,112,,,,,4,2,1,4,1,1,4,1,2,5,4,2,3,0,0,1,0,0,0,0,1,0,0,1,1,1,1,0,0,1,0,1,0,,,1,0,1,2
113,uwv1b6md,,0,1,22,bms_experiment,Introduction,2020-08-24 07:30:50.796329+00:00,1,,,0,0.00,612nydpi,,,,,0,0.00,1.0,113,,,,,,,,,,,,,,,,,,,,,,,,,,,,,,,,,,,,,,,,,0,1,1,113,,,,,,,,,,,,,,,,,,,,,,,,,,,,,,,,,,,,,,,,,0,1,2
114,a67ohahr,,0,1,22,bms_experiment,Introduction,2020-08-24 07:34:53.861525+00:00,1,,,0,0.00,612nydpi,,,,,0,0.00,1.0,114,,,,,,,,,,,,,,,,,,,,,,,,,,,,,,,,,,,,,,,,,0,1,1,114,,,,,,,,,,,,,,,,,,,,,,,,,,,,,,,,,,,,,,,,,0,1,2
115,jzfu2vsm,,0,22,22,bms_experiment,Ending,2020-08-24 07:47:27.748152+00:00,1,,,0,0.00,612nydpi,,,,,0,0.00,1.0,115,detailed,55,1,0,,,,,,,,,,,,,3,0,0,1,0,1,0,1,0,0,0,0,0,0,0,1,0,1,0,1,0,black,pink,,0,1,1,115,,,,,4,2,2,4,4,2,4,2,4,4,2,2,3,0,0,1,0,0,0,0,1,0,0,0,1,0,0,0,0,0,0,1,0,,,1,0,1,2
116,s7dfnn5c,,0,3,22,bms_experiment,PerceivedUnderstandingSurvey,2020-08-24 08:00:23.281405+00:00,1,,,0,0.00,612nydpi,,,,,0,0.00,1.0,116,no,37,0,0,,,,,,,,,,,,,,,,,,,,,,,,,,,,,,,,,,,,,0,1,1,116,,,,,,,,,,,,,,,,,,,,,,,,,,,,,,,,,,,,,,,,,0,1,2
117,dk5humr0,,0,20,22,bms_experiment,TrustSurvey,2020-08-24 08:06:02.046434+00:00,1,,,0,0.00,612nydpi,,,,,0,0.00,1.0,117,brief,36,0,1,,,,,,,,,,,,,3,0,0,1,0,0,0,0,1,0,0,1,0,0,1,0,0,0,0,1,0,yellow,,,0,1,1,117,,,,,,,,,,,,,,,,,3,0,0,1,0,0,0,0,1,0,0,1,0,0,1,0,0,0,0,1,0,,,,0,1,2
118,5ure0fvv,,0,1,22,bms_experiment,Introduction,2020-08-24 08:59:36.765541+00:00,1,,,0,0.00,612nydpi,,,,,0,0.00,1.0,118,,,,,,,,,,,,,,,,,,,,,,,,,,,,,,,,,,,,,,,,,0,1,1,118,,,,,,,,,,,,,,,,,,,,,,,,,,,,,,,,,,,,,,,,,0,1,2
119,hxfypw3o,,0,22,22,bms_experiment,Ending,2020-08-24 09:17:58.174182+00:00,1,,,0,0.00,612nydpi,,,,,0,0.00,1.0,119,detailed,22,0,0,,,,,,,,,,,,,4,0,0,0,1,1,1,0,0,0,0,1,1,0,1,0,0,0,0,1,0,black,yellow,,0,1,1,119,,,,,4,4,2,4,4,2,4,2,3,4,4,2,4,0,0,1,0,0,0,0,1,0,0,1,1,0,1,0,0,0,0,1,0,,,1,0,1,2
120,dq86i7ei,,0,22,22,bms_experiment,Ending,2020-08-24 09:22:08.088987+00:00,1,,,0,0.00,612nydpi,,,,,0,0.00,1.0,120,detailed,19,0,0,,,,,,,,,,,,,2,0,0,1,0,0,0,0,1,0,0,0,1,0,0,0,1,0,0,1,0,purple,yellow,,0,1,1,120,,,,,4,2,2,3,4,2,4,2,2,2,4,3,4,0,0,0,1,0,0,0,1,0,0,0,1,0,0,0,1,0,0,1,0,,,1,0,1,2
121,nxulbxgr,,0,22,22,bms_experiment,Ending,2020-08-24 09:23:32.888881+00:00,1,,,0,0.00,612nydpi,,,,,0,0.00,1.0,121,detailed,41,0,0,,,,,,,,,,,,,1,0,0,0,0,1,0,0,0,0,1,0,0,0,0,1,0,0,0,0,1,black,yellow,,0,1,1,121,,,,,2,3,4,3,3,3,3,3,4,3,3,4,1,0,0,0,0,1,0,0,0,0,1,0,0,0,1,0,0,0,0,1,0,,,1,0,1,2
122,0mrpobqv,,0,1,22,bms_experiment,Introduction,2020-08-24 10:30:15.459523+00:00,1,,,0,0.00,612nydpi,,,,,0,0.00,1.0,122,,,,,,,,,,,,,,,,,,,,,,,,,,,,,,,,,,,,,,,,,0,1,1,122,,,,,,,,,,,,,,,,,,,,,,,,,,,,,,,,,,,,,,,,,0,1,2
123,io7kpgu6,,0,1,22,bms_experiment,Introduction,2020-08-24 10:31:30.140536+00:00,1,,,0,0.00,612nydpi,,,,,0,0.00,1.0,123,,,,,,,,,,,,,,,,,,,,,,,,,,,,,,,,,,,,,,,,,0,1,1,123,,,,,,,,,,,,,,,,,,,,,,,,,,,,,,,,,,,,,,,,,0,1,2
124,d48ss0rf,,0,4,22,bms_experiment,ActualUnderstandingSurvey,2020-08-24 10:37:43.887306+00:00,1,,,0,0.00,612nydpi,,,,,0,0.00,1.0,124,brief,20,0,1,,,,,,,,,,,,,3,,,,,,,,,,,,,,,,,,,,,,,,0,1,1,124,,,,,,,,,,,,,,,,,,,,,,,,,,,,,,,,,,,,,,,,,0,1,2
125,i6pxqsbi,,0,4,22,bms_experiment,ActualUnderstandingSurvey,2020-08-24 10:41:20.743729+00:00,1,,,0,0.00,612nydpi,,,,,0,0.00,1.0,125,brief,20,0,1,,,,,,,,,,,,,3,,,,,,,,,,,,,,,,,,,,,,,,0,1,1,125,,,,,,,,,,,,,,,,,,,,,,,,,,,,,,,,,,,,,,,,,0,1,2
126,yu1xfsl8,,0,11,22,bms_experiment,Ending,2020-08-24 10:41:34.879018+00:00,1,,,0,0.00,612nydpi,,,,,0,0.00,1.0,126,no,21,1,0,5,4,1,4,5,1,5,1,1,5,3,2,5,0,0,1,0,0,0,0,1,0,0,1,0,0,0,0,0,0,0,1,0,,,1,0,1,1,126,,,,,,,,,,,,,,,,,,,,,,,,,,,,,,,,,,,,,,,,,0,1,2
127,pxz9togz,,0,4,22,bms_experiment,ActualUnderstandingSurvey,2020-08-24 10:57:10.077302+00:00,1,,,0,0.00,612nydpi,,,,,0,0.00,1.0,127,brief,20,0,1,,,,,,,,,,,,,2,,,,,,,,,,,,,,,,,,,,,,,,0,1,1,127,,,,,,,,,,,,,,,,,,,,,,,,,,,,,,,,,,,,,,,,,0,1,2
128,gpmgmft9,,0,3,22,bms_experiment,PerceivedUnderstandingSurvey,2020-08-24 11:22:50.339860+00:00,1,,,0,0.00,612nydpi,,,,,0,0.00,1.0,128,brief,58,1,1,,,,,,,,,,,,,,,,,,,,,,,,,,,,,,,,,,,,,0,1,1,128,,,,,,,,,,,,,,,,,,,,,,,,,,,,,,,,,,,,,,,,,0,1,2
129,t199jz5l,,0,22,22,bms_experiment,Ending,2020-08-24 11:28:57.041198+00:00,1,,,0,0.00,612nydpi,,,,,0,0.00,1.0,129,brief,21,1,1,,,,,,,,,,,,,5,0,0,1,0,0,0,0,0,1,0,1,0,0,1,0,0,0,0,1,0,yellow,,,0,1,1,129,,,,,4,1,1,4,4,1,4,1,1,4,4,2,5,0,0,1,0,0,0,0,0,1,0,1,0,0,1,0,0,0,0,1,0,,,1,0,1,2
130,fv9vt26c,,0,22,22,bms_experiment,Ending,2020-08-24 11:32:25.288033+00:00,1,,,0,0.00,612nydpi,,,,,0,0.00,1.0,130,brief,20,0,0,,,,,,,,,,,,,3,1,0,0,1,0,1,0,1,0,0,1,1,0,1,0,1,0,0,1,0,red,yellow,,0,1,1,130,,,,,4,2,2,4,3,4,4,4,1,4,1,4,4,1,0,0,1,0,0,0,1,0,0,1,1,0,1,0,1,1,0,1,0,,,1,0,1,2
131,okzpge2u,,0,1,22,bms_experiment,Introduction,2020-08-24 11:32:47.941394+00:00,1,,,0,0.00,612nydpi,,,,,0,0.00,1.0,131,,,,,,,,,,,,,,,,,,,,,,,,,,,,,,,,,,,,,,,,,0,1,1,131,,,,,,,,,,,,,,,,,,,,,,,,,,,,,,,,,,,,,,,,,0,1,2
132,ule8idio,,0,22,22,bms_experiment,Ending,2020-08-24 11:32:49.659268+00:00,1,,,0,0.00,612nydpi,,,,,0,0.00,1.0,132,brief,19,1,1,,,,,,,,,,,,,5,0,0,1,0,0,0,0,1,0,0,1,0,0,1,0,0,0,0,1,0,black,yellow,,0,1,1,132,,,,,3,2,1,5,5,1,5,1,1,1,3,4,4,0,0,1,0,0,0,0,0,0,1,1,0,0,1,0,0,0,0,1,0,,,1,0,1,2
133,8zj0otld,,0,11,22,bms_experiment,Ending,2020-08-24 11:40:24.992743+00:00,1,,,0,0.00,612nydpi,,,,,0,0.00,1.0,133,no,21,0,0,3,3,4,3,3,3,4,3,3,3,2,1,2,1,1,0,0,0,1,1,0,0,0,1,0,1,1,0,1,0,0,0,0,,,1,0,1,1,133,,,,,,,,,,,,,,,,,,,,,,,,,,,,,,,,,,,,,,,,,0,1,2
134,qjbqm68z,,0,15,22,bms_experiment,ActualUnderstandingSurvey,2020-08-24 11:56:42.407957+00:00,1,,,0,0.00,612nydpi,,,,,0,0.00,1.0,134,detailed,21,0,1,,,,,,,,,,,,,4,0,0,1,0,0,0,0,1,0,0,0,1,0,0,0,0,0,0,1,0,yellow,,,0,1,1,134,,,,,,,,,,,,,,,,,4,,,,,,,,,,,,,,,,,,,,,,,,0,1,2
135,w877lbiw,,0,1,22,bms_experiment,Introduction,2020-08-24 11:57:35.703739+00:00,1,,,0,0.00,612nydpi,,,,,0,0.00,1.0,135,,,,,,,,,,,,,,,,,,,,,,,,,,,,,,,,,,,,,,,,,0,1,1,135,,,,,,,,,,,,,,,,,,,,,,,,,,,,,,,,,,,,,,,,,0,1,2
136,bp102uzn,,0,1,22,bms_experiment,Introduction,2020-08-24 11:58:21.226611+00:00,1,,,0,0.00,612nydpi,,,,,0,0.00,1.0,136,,,,,,,,,,,,,,,,,,,,,,,,,,,,,,,,,,,,,,,,,0,1,1,136,,,,,,,,,,,,,,,,,,,,,,,,,,,,,,,,,,,,,,,,,0,1,2
137,tu7126yu,,0,1,22,bms_experiment,Introduction,2020-08-24 12:07:27.553097+00:00,1,,,0,0.00,612nydpi,,,,,0,0.00,1.0,137,,,,,,,,,,,,,,,,,,,,,,,,,,,,,,,,,,,,,,,,,0,1,1,137,,,,,,,,,,,,,,,,,,,,,,,,,,,,,,,,,,,,,,,,,0,1,2
138,r59r5cn4,,0,22,22,bms_experiment,Ending,2020-08-24 12:13:31.046766+00:00,1,,,0,0.00,612nydpi,,,,,0,0.00,1.0,138,detailed,19,1,1,,,,,,,,,,,,,5,0,0,1,0,0,0,0,0,1,0,1,0,0,1,0,0,0,0,1,0,yellow,,,0,1,1,138,,,,,5,1,1,5,5,1,5,1,1,5,5,1,5,0,0,1,0,0,0,0,0,1,0,1,0,0,1,0,0,0,0,1,0,,,1,0,1,2
139,8a9hxgng,,0,22,22,bms_experiment,Ending,2020-08-24 13:38:00.138989+00:00,1,,,0,0.00,612nydpi,,,,,0,0.00,1.0,139,brief,19,0,0,,,,,,,,,,,,,2,0,0,0,1,0,0,0,0,0,1,1,1,0,1,0,0,0,0,1,1,green,yellow,,0,1,1,139,,,,,4,3,2,5,4,2,5,1,2,4,4,4,3,0,0,1,0,0,0,0,0,1,0,1,1,0,1,0,0,1,0,0,0,,,1,0,1,2
140,t89jwae9,,0,1,22,bms_experiment,Introduction,2020-08-24 13:55:59.781573+00:00,1,,,0,0.00,612nydpi,,,,,0,0.00,1.0,140,,,,,,,,,,,,,,,,,,,,,,,,,,,,,,,,,,,,,,,,,0,1,1,140,,,,,,,,,,,,,,,,,,,,,,,,,,,,,,,,,,,,,,,,,0,1,2
141,hdjzku55,,0,11,22,bms_experiment,Ending,2020-08-24 13:59:46.167557+00:00,1,,,0,0.00,612nydpi,,,,,0,0.00,1.0,141,no,20,1,1,3,3,5,2,4,4,5,1,5,5,4,4,4,1,0,0,0,0,1,0,0,0,0,1,1,0,1,0,1,0,1,0,0,,,1,0,1,1,141,,,,,,,,,,,,,,,,,,,,,,,,,,,,,,,,,,,,,,,,,0,1,2
142,pczndh64,,0,2,22,bms_experiment,GeneralInformationSurvey,2020-08-24 14:03:53.630516+00:00,1,,,0,0.00,612nydpi,,,,,0,0.00,1.0,142,,,,,,,,,,,,,,,,,,,,,,,,,,,,,,,,,,,,,,,,,0,1,1,142,,,,,,,,,,,,,,,,,,,,,,,,,,,,,,,,,,,,,,,,,0,1,2
143,d2bussv0,,0,1,22,bms_experiment,Introduction,2020-08-24 14:04:48.824605+00:00,1,,,0,0.00,612nydpi,,,,,0,0.00,1.0,143,,,,,,,,,,,,,,,,,,,,,,,,,,,,,,,,,,,,,,,,,0,1,1,143,,,,,,,,,,,,,,,,,,,,,,,,,,,,,,,,,,,,,,,,,0,1,2
144,7ajh5lo8,,0,22,22,bms_experiment,Ending,2020-08-24 14:07:13.890953+00:00,1,,,0,0.00,612nydpi,,,,,0,0.00,1.0,144,detailed,21,0,1,,,,,,,,,,,,,3,0,0,1,0,0,0,0,1,0,0,1,1,1,1,0,0,0,0,0,1,yellow,,,0,1,1,144,,,,,4,2,1,4,4,3,5,1,2,5,4,1,5,0,0,0,1,0,0,0,0,1,0,1,1,1,1,0,0,0,0,0,1,,,1,0,1,2
145,ixfw0i5e,,0,3,22,bms_experiment,PerceivedUnderstandingSurvey,2020-08-24 14:09:16.938979+00:00,1,,,0,0.00,612nydpi,,,,,0,0.00,1.0,145,no,20,1,0,,,,,,,,,,,,,,,,,,,,,,,,,,,,,,,,,,,,,0,1,1,145,,,,,,,,,,,,,,,,,,,,,,,,,,,,,,,,,,,,,,,,,0,1,2
146,igpmghtl,,0,1,22,bms_experiment,Introduction,2020-08-24 14:15:11.615450+00:00,1,,,0,0.00,612nydpi,,,,,0,0.00,1.0,146,,,,,,,,,,,,,,,,,,,,,,,,,,,,,,,,,,,,,,,,,0,1,1,146,,,,,,,,,,,,,,,,,,,,,,,,,,,,,,,,,,,,,,,,,0,1,2
147,30e2es1u,,0,9,22,bms_experiment,TrustSurvey,2020-08-24 14:19:14.492999+00:00,1,,,0,0.00,612nydpi,,,,,0,0.00,1.0,147,no,22,0,1,,,,,,,,,,,,,3,0,0,1,0,0,0,0,0,1,0,1,0,0,1,0,0,0,0,1,0,,,,0,1,1,147,,,,,,,,,,,,,,,,,,,,,,,,,,,,,,,,,,,,,,,,,0,1,2
148,qs00q9lm,,0,11,22,bms_experiment,Ending,2020-08-24 14:24:44.794541+00:00,1,,,0,0.00,612nydpi,,,,,0,0.00,1.0,148,no,20,1,1,4,1,1,5,4,1,5,1,2,2,5,1,2,0,0,1,0,0,0,0,0,1,0,1,1,0,1,0,1,0,0,0,0,,,1,0,1,1,148,,,,,,,,,,,,,,,,,,,,,,,,,,,,,,,,,,,,,,,,,0,1,2
149,6f9o2mv4,,0,22,22,bms_experiment,Ending,2020-08-24 14:44:29.722563+00:00,1,,,0,0.00,612nydpi,,,,,0,0.00,1.0,149,brief,20,0,1,,,,,,,,,,,,,3,0,0,1,0,0,0,0,1,0,0,1,0,0,1,0,0,0,0,0,1,black,yellow,,0,1,1,149,,,,,4,3,2,5,5,1,5,1,1,4,3,1,4,0,0,1,0,0,0,0,1,0,0,0,0,0,0,1,0,0,0,0,1,,,1,0,1,2
150,89kpu21p,,0,3,22,bms_experiment,PerceivedUnderstandingSurvey,2020-08-24 14:48:15.382729+00:00,1,,,0,0.00,612nydpi,,,,,0,0.00,1.0,150,no,20,1,0,,,,,,,,,,,,,,,,,,,,,,,,,,,,,,,,,,,,,0,1,1,150,,,,,,,,,,,,,,,,,,,,,,,,,,,,,,,,,,,,,,,,,0,1,2
151,eomtqven,,0,6,22,bms_experiment,AttentiveSurvey1,2020-08-24 15:02:00.383513+00:00,1,,,0,0.00,612nydpi,,,,,0,0.00,1.0,151,detailed,28,1,1,,,,,,,,,,,,,4,0,0,1,0,0,0,0,0,1,0,1,0,0,1,0,0,0,0,1,0,,,,0,1,1,151,,,,,,,,,,,,,,,,,,,,,,,,,,,,,,,,,,,,,,,,,0,1,2
152,rjplbfib,,0,4,22,bms_experiment,ActualUnderstandingSurvey,2020-08-24 16:05:07.637459+00:00,1,,,0,0.00,612nydpi,,,,,0,0.00,1.0,152,no,20,2,0,,,,,,,,,,,,,5,,,,,,,,,,,,,,,,,,,,,,,,0,1,1,152,,,,,,,,,,,,,,,,,,,,,,,,,,,,,,,,,,,,,,,,,0,1,2
153,gy1q7nlt,,0,22,22,bms_experiment,Ending,2020-08-24 16:11:52.316696+00:00,1,,,0,0.00,612nydpi,,,,,0,0.00,1.0,153,detailed,23,1,1,,,,,,,,,,,,,5,0,0,0,1,0,1,0,0,0,0,1,0,0,1,0,0,0,0,1,0,blue,yellow,,0,1,1,153,,,,,5,1,1,5,5,1,5,1,5,5,2,4,4,0,0,1,0,0,1,0,0,0,0,1,0,0,1,0,0,0,0,1,0,,,1,0,1,2
154,pk3lzdtf,,0,11,22,bms_experiment,Ending,2020-08-24 16:58:18.908757+00:00,1,,,0,0.00,612nydpi,,,,,0,0.00,1.0,154,no,15,0,1,2,4,2,4,4,2,4,2,2,4,2,2,3,0,0,0,1,0,0,0,0,1,0,0,1,0,0,0,1,0,0,0,0,,,1,0,1,1,154,,,,,,,,,,,,,,,,,,,,,,,,,,,,,,,,,,,,,,,,,0,1,2
155,7pgzzbdy,,0,22,22,bms_experiment,Ending,2020-08-24 17:36:51.651447+00:00,1,,,0,0.00,612nydpi,,,,,0,0.00,1.0,155,brief,12,1,1,,,,,,,,,,,,,5,0,0,1,0,0,1,0,0,0,0,1,0,0,0,0,0,0,1,0,0,blue,red,,0,1,1,155,,,,,4,4,4,4,4,4,2,4,4,4,4,4,5,1,0,0,0,0,0,0,0,0,0,1,0,0,0,0,0,0,1,0,0,,,1,0,1,2
156,3fjngjr2,,0,3,22,bms_experiment,PerceivedUnderstandingSurvey,2020-08-24 19:03:12.689602+00:00,1,,,0,0.00,612nydpi,,,,,0,0.00,1.0,156,detailed,19,0,1,,,,,,,,,,,,,,,,,,,,,,,,,,,,,,,,,,,,,0,1,1,156,,,,,,,,,,,,,,,,,,,,,,,,,,,,,,,,,,,,,,,,,0,1,2
157,bio7snqj,,0,22,22,bms_experiment,Ending,2020-08-24 19:16:09.834804+00:00,1,,,0,0.00,612nydpi,,,,,0,0.00,1.0,157,detailed,16,0,1,,,,,,,,,,,,,4,0,0,1,1,0,0,0,1,0,0,1,0,0,1,0,0,1,0,1,0,yellow,,,0,1,1,157,,,,,2,3,1,4,3,2,5,2,2,3,3,3,4,0,0,1,0,0,0,0,1,0,0,1,0,0,1,0,0,0,0,1,0,,,1,0,1,2
158,fhxqxnp8,,0,4,22,bms_experiment,ActualUnderstandingSurvey,2020-08-24 19:21:48.155288+00:00,1,,,0,0.00,612nydpi,,,,,0,0.00,1.0,158,detailed,17,1,1,,,,,,,,,,,,,4,,,,,,,,,,,,,,,,,,,,,,,,0,1,1,158,,,,,,,,,,,,,,,,,,,,,,,,,,,,,,,,,,,,,,,,,0,1,2
159,jx9p0yew,,0,2,22,bms_experiment,GeneralInformationSurvey,2020-08-24 20:11:06.299025+00:00,1,,,0,0.00,612nydpi,,,,,0,0.00,1.0,159,,,,,,,,,,,,,,,,,,,,,,,,,,,,,,,,,,,,,,,,,0,1,1,159,,,,,,,,,,,,,,,,,,,,,,,,,,,,,,,,,,,,,,,,,0,1,2
160,9ncdua2d,,0,2,22,bms_experiment,GeneralInformationSurvey,2020-08-24 23:42:29.251868+00:00,1,,,0,0.00,612nydpi,,,,,0,0.00,1.0,160,,,,,,,,,,,,,,,,,,,,,,,,,,,,,,,,,,,,,,,,,0,1,1,160,,,,,,,,,,,,,,,,,,,,,,,,,,,,,,,,,,,,,,,,,0,1,2
161,j3ahql1v,,0,1,22,bms_experiment,Introduction,2020-08-25 05:52:07.127800+00:00,1,,,0,0.00,612nydpi,,,,,0,0.00,1.0,161,,,,,,,,,,,,,,,,,,,,,,,,,,,,,,,,,,,,,,,,,0,1,1,161,,,,,,,,,,,,,,,,,,,,,,,,,,,,,,,,,,,,,,,,,0,1,2
162,72hq9pvr,,0,11,22,bms_experiment,Ending,2020-08-25 07:34:10.506616+00:00,1,,,0,0.00,612nydpi,,,,,0,0.00,1.0,162,no,34,0,1,4,3,2,4,3,2,5,1,3,3,3,3,3,0,0,1,0,0,0,0,0,0,1,1,1,0,1,0,0,0,0,1,0,,,1,0,1,1,162,,,,,,,,,,,,,,,,,,,,,,,,,,,,,,,,,,,,,,,,,0,1,2
163,x68eg8ff,,0,1,22,bms_experiment,Introduction,2020-08-25 08:09:05.290117+00:00,1,,,0,0.00,612nydpi,,,,,0,0.00,1.0,163,,,,,,,,,,,,,,,,,,,,,,,,,,,,,,,,,,,,,,,,,0,1,1,163,,,,,,,,,,,,,,,,,,,,,,,,,,,,,,,,,,,,,,,,,0,1,2
164,x5kethed,,0,22,22,bms_experiment,Ending,2020-08-25 08:39:07.357887+00:00,1,,,0,0.00,612nydpi,,,,,0,0.00,1.0,164,brief,46,0,1,,,,,,,,,,,,,2,0,0,1,0,1,0,0,1,0,0,1,1,1,1,0,0,1,0,1,0,yellow,,,0,1,1,164,,,,,4,2,1,4,4,2,5,1,2,4,4,2,2,0,0,1,0,0,0,0,1,0,0,1,1,1,1,0,0,0,0,1,0,,,1,0,1,2
165,zzvpmeui,,0,22,22,bms_experiment,Ending,2020-08-25 09:14:06.043231+00:00,1,,,0,0.00,612nydpi,,,,,0,0.00,1.0,165,detailed,37,0,1,,,,,,,,,,,,,4,0,0,1,0,0,0,0,1,0,0,1,0,0,1,0,0,0,0,1,0,orange,yellow,,0,1,1,165,,,,,4,3,2,4,4,2,4,2,2,3,2,2,4,0,0,1,0,0,0,0,0,1,0,1,0,0,1,0,0,0,0,1,0,,,1,0,1,2
166,3jh9pi1u,,0,0,22,,,,0,,,0,0.00,612nydpi,,,,,0,0.00,1.0,166,,,,,,,,,,,,,,,,,,,,,,,,,,,,,,,,,,,,,,,,,0,1,1,166,,,,,,,,,,,,,,,,,,,,,,,,,,,,,,,,,,,,,,,,,0,1,2
167,1vqmafbm,,0,0,22,,,,0,,,0,0.00,612nydpi,,,,,0,0.00,1.0,167,,,,,,,,,,,,,,,,,,,,,,,,,,,,,,,,,,,,,,,,,0,1,1,167,,,,,,,,,,,,,,,,,,,,,,,,,,,,,,,,,,,,,,,,,0,1,2
168,wiobd6fl,,0,0,22,,,,0,,,0,0.00,612nydpi,,,,,0,0.00,1.0,168,,,,,,,,,,,,,,,,,,,,,,,,,,,,,,,,,,,,,,,,,0,1,1,168,,,,,,,,,,,,,,,,,,,,,,,,,,,,,,,,,,,,,,,,,0,1,2
169,oqg3vl21,,0,0,22,,,,0,,,0,0.00,612nydpi,,,,,0,0.00,1.0,169,,,,,,,,,,,,,,,,,,,,,,,,,,,,,,,,,,,,,,,,,0,1,1,169,,,,,,,,,,,,,,,,,,,,,,,,,,,,,,,,,,,,,,,,,0,1,2
170,auxz2cd0,,0,0,22,,,,0,,,0,0.00,612nydpi,,,,,0,0.00,1.0,170,,,,,,,,,,,,,,,,,,,,,,,,,,,,,,,,,,,,,,,,,0,1,1,170,,,,,,,,,,,,,,,,,,,,,,,,,,,,,,,,,,,,,,,,,0,1,2
171,526vvbnc,,0,0,22,,,,0,,,0,0.00,612nydpi,,,,,0,0.00,1.0,171,,,,,,,,,,,,,,,,,,,,,,,,,,,,,,,,,,,,,,,,,0,1,1,171,,,,,,,,,,,,,,,,,,,,,,,,,,,,,,,,,,,,,,,,,0,1,2
172,e1u0cxnp,,0,0,22,,,,0,,,0,0.00,612nydpi,,,,,0,0.00,1.0,172,,,,,,,,,,,,,,,,,,,,,,,,,,,,,,,,,,,,,,,,,0,1,1,172,,,,,,,,,,,,,,,,,,,,,,,,,,,,,,,,,,,,,,,,,0,1,2
173,qqj4ujty,,0,0,22,,,,0,,,0,0.00,612nydpi,,,,,0,0.00,1.0,173,,,,,,,,,,,,,,,,,,,,,,,,,,,,,,,,,,,,,,,,,0,1,1,173,,,,,,,,,,,,,,,,,,,,,,,,,,,,,,,,,,,,,,,,,0,1,2
174,ysf2k5mr,,0,0,22,,,,0,,,0,0.00,612nydpi,,,,,0,0.00,1.0,174,,,,,,,,,,,,,,,,,,,,,,,,,,,,,,,,,,,,,,,,,0,1,1,174,,,,,,,,,,,,,,,,,,,,,,,,,,,,,,,,,,,,,,,,,0,1,2
175,smtrwojc,,0,0,22,,,,0,,,0,0.00,612nydpi,,,,,0,0.00,1.0,175,,,,,,,,,,,,,,,,,,,,,,,,,,,,,,,,,,,,,,,,,0,1,1,175,,,,,,,,,,,,,,,,,,,,,,,,,,,,,,,,,,,,,,,,,0,1,2
176,smljnvwq,,0,0,22,,,,0,,,0,0.00,612nydpi,,,,,0,0.00,1.0,176,,,,,,,,,,,,,,,,,,,,,,,,,,,,,,,,,,,,,,,,,0,1,1,176,,,,,,,,,,,,,,,,,,,,,,,,,,,,,,,,,,,,,,,,,0,1,2
177,h07eb7j2,,0,0,22,,,,0,,,0,0.00,612nydpi,,,,,0,0.00,1.0,177,,,,,,,,,,,,,,,,,,,,,,,,,,,,,,,,,,,,,,,,,0,1,1,177,,,,,,,,,,,,,,,,,,,,,,,,,,,,,,,,,,,,,,,,,0,1,2
178,es4k92zt,,0,0,22,,,,0,,,0,0.00,612nydpi,,,,,0,0.00,1.0,178,,,,,,,,,,,,,,,,,,,,,,,,,,,,,,,,,,,,,,,,,0,1,1,178,,,,,,,,,,,,,,,,,,,,,,,,,,,,,,,,,,,,,,,,,0,1,2
179,rvdsowey,,0,0,22,,,,0,,,0,0.00,612nydpi,,,,,0,0.00,1.0,179,,,,,,,,,,,,,,,,,,,,,,,,,,,,,,,,,,,,,,,,,0,1,1,179,,,,,,,,,,,,,,,,,,,,,,,,,,,,,,,,,,,,,,,,,0,1,2
180,21nwui3v,,0,0,22,,,,0,,,0,0.00,612nydpi,,,,,0,0.00,1.0,180,,,,,,,,,,,,,,,,,,,,,,,,,,,,,,,,,,,,,,,,,0,1,1,180,,,,,,,,,,,,,,,,,,,,,,,,,,,,,,,,,,,,,,,,,0,1,2
181,9kdxtuax,,0,0,22,,,,0,,,0,0.00,612nydpi,,,,,0,0.00,1.0,181,,,,,,,,,,,,,,,,,,,,,,,,,,,,,,,,,,,,,,,,,0,1,1,181,,,,,,,,,,,,,,,,,,,,,,,,,,,,,,,,,,,,,,,,,0,1,2
182,oive2iwg,,0,0,22,,,,0,,,0,0.00,612nydpi,,,,,0,0.00,1.0,182,,,,,,,,,,,,,,,,,,,,,,,,,,,,,,,,,,,,,,,,,0,1,1,182,,,,,,,,,,,,,,,,,,,,,,,,,,,,,,,,,,,,,,,,,0,1,2
183,bo2wx7ii,,0,0,22,,,,0,,,0,0.00,612nydpi,,,,,0,0.00,1.0,183,,,,,,,,,,,,,,,,,,,,,,,,,,,,,,,,,,,,,,,,,0,1,1,183,,,,,,,,,,,,,,,,,,,,,,,,,,,,,,,,,,,,,,,,,0,1,2
184,l7t8d9kz,,0,0,22,,,,0,,,0,0.00,612nydpi,,,,,0,0.00,1.0,184,,,,,,,,,,,,,,,,,,,,,,,,,,,,,,,,,,,,,,,,,0,1,1,184,,,,,,,,,,,,,,,,,,,,,,,,,,,,,,,,,,,,,,,,,0,1,2
185,y7syj1mp,,0,0,22,,,,0,,,0,0.00,612nydpi,,,,,0,0.00,1.0,185,,,,,,,,,,,,,,,,,,,,,,,,,,,,,,,,,,,,,,,,,0,1,1,185,,,,,,,,,,,,,,,,,,,,,,,,,,,,,,,,,,,,,,,,,0,1,2
186,2iezpndf,,0,0,22,,,,0,,,0,0.00,612nydpi,,,,,0,0.00,1.0,186,,,,,,,,,,,,,,,,,,,,,,,,,,,,,,,,,,,,,,,,,0,1,1,186,,,,,,,,,,,,,,,,,,,,,,,,,,,,,,,,,,,,,,,,,0,1,2
187,jvxyp1ix,,0,0,22,,,,0,,,0,0.00,612nydpi,,,,,0,0.00,1.0,187,,,,,,,,,,,,,,,,,,,,,,,,,,,,,,,,,,,,,,,,,0,1,1,187,,,,,,,,,,,,,,,,,,,,,,,,,,,,,,,,,,,,,,,,,0,1,2
188,lkiwtkkb,,0,0,22,,,,0,,,0,0.00,612nydpi,,,,,0,0.00,1.0,188,,,,,,,,,,,,,,,,,,,,,,,,,,,,,,,,,,,,,,,,,0,1,1,188,,,,,,,,,,,,,,,,,,,,,,,,,,,,,,,,,,,,,,,,,0,1,2
189,a4qpk46c,,0,0,22,,,,0,,,0,0.00,612nydpi,,,,,0,0.00,1.0,189,,,,,,,,,,,,,,,,,,,,,,,,,,,,,,,,,,,,,,,,,0,1,1,189,,,,,,,,,,,,,,,,,,,,,,,,,,,,,,,,,,,,,,,,,0,1,2
190,dquhc54b,,0,0,22,,,,0,,,0,0.00,612nydpi,,,,,0,0.00,1.0,190,,,,,,,,,,,,,,,,,,,,,,,,,,,,,,,,,,,,,,,,,0,1,1,190,,,,,,,,,,,,,,,,,,,,,,,,,,,,,,,,,,,,,,,,,0,1,2
191,mfetiif5,,0,0,22,,,,0,,,0,0.00,612nydpi,,,,,0,0.00,1.0,191,,,,,,,,,,,,,,,,,,,,,,,,,,,,,,,,,,,,,,,,,0,1,1,191,,,,,,,,,,,,,,,,,,,,,,,,,,,,,,,,,,,,,,,,,0,1,2
192,6m1fm4x0,,0,0,22,,,,0,,,0,0.00,612nydpi,,,,,0,0.00,1.0,192,,,,,,,,,,,,,,,,,,,,,,,,,,,,,,,,,,,,,,,,,0,1,1,192,,,,,,,,,,,,,,,,,,,,,,,,,,,,,,,,,,,,,,,,,0,1,2
193,rpkqm61j,,0,0,22,,,,0,,,0,0.00,612nydpi,,,,,0,0.00,1.0,193,,,,,,,,,,,,,,,,,,,,,,,,,,,,,,,,,,,,,,,,,0,1,1,193,,,,,,,,,,,,,,,,,,,,,,,,,,,,,,,,,,,,,,,,,0,1,2
194,few9og85,,0,0,22,,,,0,,,0,0.00,612nydpi,,,,,0,0.00,1.0,194,,,,,,,,,,,,,,,,,,,,,,,,,,,,,,,,,,,,,,,,,0,1,1,194,,,,,,,,,,,,,,,,,,,,,,,,,,,,,,,,,,,,,,,,,0,1,2
195,43m5nmpw,,0,0,22,,,,0,,,0,0.00,612nydpi,,,,,0,0.00,1.0,195,,,,,,,,,,,,,,,,,,,,,,,,,,,,,,,,,,,,,,,,,0,1,1,195,,,,,,,,,,,,,,,,,,,,,,,,,,,,,,,,,,,,,,,,,0,1,2
196,ybpu4dw8,,0,0,22,,,,0,,,0,0.00,612nydpi,,,,,0,0.00,1.0,196,,,,,,,,,,,,,,,,,,,,,,,,,,,,,,,,,,,,,,,,,0,1,1,196,,,,,,,,,,,,,,,,,,,,,,,,,,,,,,,,,,,,,,,,,0,1,2
197,7fossqrx,,0,0,22,,,,0,,,0,0.00,612nydpi,,,,,0,0.00,1.0,197,,,,,,,,,,,,,,,,,,,,,,,,,,,,,,,,,,,,,,,,,0,1,1,197,,,,,,,,,,,,,,,,,,,,,,,,,,,,,,,,,,,,,,,,,0,1,2
198,nzgl5zur,,0,0,22,,,,0,,,0,0.00,612nydpi,,,,,0,0.00,1.0,198,,,,,,,,,,,,,,,,,,,,,,,,,,,,,,,,,,,,,,,,,0,1,1,198,,,,,,,,,,,,,,,,,,,,,,,,,,,,,,,,,,,,,,,,,0,1,2
199,3h8vt0ij,,0,0,22,,,,0,,,0,0.00,612nydpi,,,,,0,0.00,1.0,199,,,,,,,,,,,,,,,,,,,,,,,,,,,,,,,,,,,,,,,,,0,1,1,199,,,,,,,,,,,,,,,,,,,,,,,,,,,,,,,,,,,,,,,,,0,1,2
200,akilm98s,,0,0,22,,,,0,,,0,0.00,612nydpi,,,,,0,0.00,1.0,200,,,,,,,,,,,,,,,,,,,,,,,,,,,,,,,,,,,,,,,,,0,1,1,200,,,,,,,,,,,,,,,,,,,,,,,,,,,,,,,,,,,,,,,,,0,1,2
201,101598fk,,0,0,22,,,,0,,,0,0.00,612nydpi,,,,,0,0.00,1.0,201,,,,,,,,,,,,,,,,,,,,,,,,,,,,,,,,,,,,,,,,,0,1,1,201,,,,,,,,,,,,,,,,,,,,,,,,,,,,,,,,,,,,,,,,,0,1,2
202,um7u79py,,0,0,22,,,,0,,,0,0.00,612nydpi,,,,,0,0.00,1.0,202,,,,,,,,,,,,,,,,,,,,,,,,,,,,,,,,,,,,,,,,,0,1,1,202,,,,,,,,,,,,,,,,,,,,,,,,,,,,,,,,,,,,,,,,,0,1,2
203,1hgssgx1,,0,0,22,,,,0,,,0,0.00,612nydpi,,,,,0,0.00,1.0,203,,,,,,,,,,,,,,,,,,,,,,,,,,,,,,,,,,,,,,,,,0,1,1,203,,,,,,,,,,,,,,,,,,,,,,,,,,,,,,,,,,,,,,,,,0,1,2
204,lt0yj0s1,,0,0,22,,,,0,,,0,0.00,612nydpi,,,,,0,0.00,1.0,204,,,,,,,,,,,,,,,,,,,,,,,,,,,,,,,,,,,,,,,,,0,1,1,204,,,,,,,,,,,,,,,,,,,,,,,,,,,,,,,,,,,,,,,,,0,1,2
205,mvc36gdz,,0,0,22,,,,0,,,0,0.00,612nydpi,,,,,0,0.00,1.0,205,,,,,,,,,,,,,,,,,,,,,,,,,,,,,,,,,,,,,,,,,0,1,1,205,,,,,,,,,,,,,,,,,,,,,,,,,,,,,,,,,,,,,,,,,0,1,2
206,mpmwxcdi,,0,0,22,,,,0,,,0,0.00,612nydpi,,,,,0,0.00,1.0,206,,,,,,,,,,,,,,,,,,,,,,,,,,,,,,,,,,,,,,,,,0,1,1,206,,,,,,,,,,,,,,,,,,,,,,,,,,,,,,,,,,,,,,,,,0,1,2
207,78w7jnyd,,0,0,22,,,,0,,,0,0.00,612nydpi,,,,,0,0.00,1.0,207,,,,,,,,,,,,,,,,,,,,,,,,,,,,,,,,,,,,,,,,,0,1,1,207,,,,,,,,,,,,,,,,,,,,,,,,,,,,,,,,,,,,,,,,,0,1,2
208,uf7wwkwj,,0,0,22,,,,0,,,0,0.00,612nydpi,,,,,0,0.00,1.0,208,,,,,,,,,,,,,,,,,,,,,,,,,,,,,,,,,,,,,,,,,0,1,1,208,,,,,,,,,,,,,,,,,,,,,,,,,,,,,,,,,,,,,,,,,0,1,2
209,limwx3f8,,0,0,22,,,,0,,,0,0.00,612nydpi,,,,,0,0.00,1.0,209,,,,,,,,,,,,,,,,,,,,,,,,,,,,,,,,,,,,,,,,,0,1,1,209,,,,,,,,,,,,,,,,,,,,,,,,,,,,,,,,,,,,,,,,,0,1,2
210,9nutah0w,,0,0,22,,,,0,,,0,0.00,612nydpi,,,,,0,0.00,1.0,210,,,,,,,,,,,,,,,,,,,,,,,,,,,,,,,,,,,,,,,,,0,1,1,210,,,,,,,,,,,,,,,,,,,,,,,,,,,,,,,,,,,,,,,,,0,1,2
211,h696kt6f,,0,0,22,,,,0,,,0,0.00,612nydpi,,,,,0,0.00,1.0,211,,,,,,,,,,,,,,,,,,,,,,,,,,,,,,,,,,,,,,,,,0,1,1,211,,,,,,,,,,,,,,,,,,,,,,,,,,,,,,,,,,,,,,,,,0,1,2
212,xisa7t0h,,0,0,22,,,,0,,,0,0.00,612nydpi,,,,,0,0.00,1.0,212,,,,,,,,,,,,,,,,,,,,,,,,,,,,,,,,,,,,,,,,,0,1,1,212,,,,,,,,,,,,,,,,,,,,,,,,,,,,,,,,,,,,,,,,,0,1,2
213,f2vrxwta,,0,0,22,,,,0,,,0,0.00,612nydpi,,,,,0,0.00,1.0,213,,,,,,,,,,,,,,,,,,,,,,,,,,,,,,,,,,,,,,,,,0,1,1,213,,,,,,,,,,,,,,,,,,,,,,,,,,,,,,,,,,,,,,,,,0,1,2
214,ms1l56pl,,0,0,22,,,,0,,,0,0.00,612nydpi,,,,,0,0.00,1.0,214,,,,,,,,,,,,,,,,,,,,,,,,,,,,,,,,,,,,,,,,,0,1,1,214,,,,,,,,,,,,,,,,,,,,,,,,,,,,,,,,,,,,,,,,,0,1,2
215,xdtuwq35,,0,0,22,,,,0,,,0,0.00,612nydpi,,,,,0,0.00,1.0,215,,,,,,,,,,,,,,,,,,,,,,,,,,,,,,,,,,,,,,,,,0,1,1,215,,,,,,,,,,,,,,,,,,,,,,,,,,,,,,,,,,,,,,,,,0,1,2
216,b9hewqn7,,0,0,22,,,,0,,,0,0.00,612nydpi,,,,,0,0.00,1.0,216,,,,,,,,,,,,,,,,,,,,,,,,,,,,,,,,,,,,,,,,,0,1,1,216,,,,,,,,,,,,,,,,,,,,,,,,,,,,,,,,,,,,,,,,,0,1,2
217,2rfjul2n,,0,0,22,,,,0,,,0,0.00,612nydpi,,,,,0,0.00,1.0,217,,,,,,,,,,,,,,,,,,,,,,,,,,,,,,,,,,,,,,,,,0,1,1,217,,,,,,,,,,,,,,,,,,,,,,,,,,,,,,,,,,,,,,,,,0,1,2
218,bnqzcp0o,,0,0,22,,,,0,,,0,0.00,612nydpi,,,,,0,0.00,1.0,218,,,,,,,,,,,,,,,,,,,,,,,,,,,,,,,,,,,,,,,,,0,1,1,218,,,,,,,,,,,,,,,,,,,,,,,,,,,,,,,,,,,,,,,,,0,1,2
219,xmct6ix9,,0,0,22,,,,0,,,0,0.00,612nydpi,,,,,0,0.00,1.0,219,,,,,,,,,,,,,,,,,,,,,,,,,,,,,,,,,,,,,,,,,0,1,1,219,,,,,,,,,,,,,,,,,,,,,,,,,,,,,,,,,,,,,,,,,0,1,2
220,11omp9ue,,0,0,22,,,,0,,,0,0.00,612nydpi,,,,,0,0.00,1.0,220,,,,,,,,,,,,,,,,,,,,,,,,,,,,,,,,,,,,,,,,,0,1,1,220,,,,,,,,,,,,,,,,,,,,,,,,,,,,,,,,,,,,,,,,,0,1,2
221,paaw187a,,0,0,22,,,,0,,,0,0.00,612nydpi,,,,,0,0.00,1.0,221,,,,,,,,,,,,,,,,,,,,,,,,,,,,,,,,,,,,,,,,,0,1,1,221,,,,,,,,,,,,,,,,,,,,,,,,,,,,,,,,,,,,,,,,,0,1,2
222,b7329aw4,,0,0,22,,,,0,,,0,0.00,612nydpi,,,,,0,0.00,1.0,222,,,,,,,,,,,,,,,,,,,,,,,,,,,,,,,,,,,,,,,,,0,1,1,222,,,,,,,,,,,,,,,,,,,,,,,,,,,,,,,,,,,,,,,,,0,1,2
223,wibe2y21,,0,0,22,,,,0,,,0,0.00,612nydpi,,,,,0,0.00,1.0,223,,,,,,,,,,,,,,,,,,,,,,,,,,,,,,,,,,,,,,,,,0,1,1,223,,,,,,,,,,,,,,,,,,,,,,,,,,,,,,,,,,,,,,,,,0,1,2
224,03am081s,,0,0,22,,,,0,,,0,0.00,612nydpi,,,,,0,0.00,1.0,224,,,,,,,,,,,,,,,,,,,,,,,,,,,,,,,,,,,,,,,,,0,1,1,224,,,,,,,,,,,,,,,,,,,,,,,,,,,,,,,,,,,,,,,,,0,1,2
225,qkfnwo4h,,0,0,22,,,,0,,,0,0.00,612nydpi,,,,,0,0.00,1.0,225,,,,,,,,,,,,,,,,,,,,,,,,,,,,,,,,,,,,,,,,,0,1,1,225,,,,,,,,,,,,,,,,,,,,,,,,,,,,,,,,,,,,,,,,,0,1,2
226,dr2tlns1,,0,0,22,,,,0,,,0,0.00,612nydpi,,,,,0,0.00,1.0,226,,,,,,,,,,,,,,,,,,,,,,,,,,,,,,,,,,,,,,,,,0,1,1,226,,,,,,,,,,,,,,,,,,,,,,,,,,,,,,,,,,,,,,,,,0,1,2
227,3h1z8lfl,,0,0,22,,,,0,,,0,0.00,612nydpi,,,,,0,0.00,1.0,227,,,,,,,,,,,,,,,,,,,,,,,,,,,,,,,,,,,,,,,,,0,1,1,227,,,,,,,,,,,,,,,,,,,,,,,,,,,,,,,,,,,,,,,,,0,1,2
228,578f35od,,0,0,22,,,,0,,,0,0.00,612nydpi,,,,,0,0.00,1.0,228,,,,,,,,,,,,,,,,,,,,,,,,,,,,,,,,,,,,,,,,,0,1,1,228,,,,,,,,,,,,,,,,,,,,,,,,,,,,,,,,,,,,,,,,,0,1,2
229,oqtvk1xx,,0,0,22,,,,0,,,0,0.00,612nydpi,,,,,0,0.00,1.0,229,,,,,,,,,,,,,,,,,,,,,,,,,,,,,,,,,,,,,,,,,0,1,1,229,,,,,,,,,,,,,,,,,,,,,,,,,,,,,,,,,,,,,,,,,0,1,2
230,tt1pxqrh,,0,0,22,,,,0,,,0,0.00,612nydpi,,,,,0,0.00,1.0,230,,,,,,,,,,,,,,,,,,,,,,,,,,,,,,,,,,,,,,,,,0,1,1,230,,,,,,,,,,,,,,,,,,,,,,,,,,,,,,,,,,,,,,,,,0,1,2
231,fzeo8he0,,0,0,22,,,,0,,,0,0.00,612nydpi,,,,,0,0.00,1.0,231,,,,,,,,,,,,,,,,,,,,,,,,,,,,,,,,,,,,,,,,,0,1,1,231,,,,,,,,,,,,,,,,,,,,,,,,,,,,,,,,,,,,,,,,,0,1,2
232,jw3e8v3f,,0,0,22,,,,0,,,0,0.00,612nydpi,,,,,0,0.00,1.0,232,,,,,,,,,,,,,,,,,,,,,,,,,,,,,,,,,,,,,,,,,0,1,1,232,,,,,,,,,,,,,,,,,,,,,,,,,,,,,,,,,,,,,,,,,0,1,2
233,u5xpya5j,,0,0,22,,,,0,,,0,0.00,612nydpi,,,,,0,0.00,1.0,233,,,,,,,,,,,,,,,,,,,,,,,,,,,,,,,,,,,,,,,,,0,1,1,233,,,,,,,,,,,,,,,,,,,,,,,,,,,,,,,,,,,,,,,,,0,1,2
234,ygkzf25p,,0,0,22,,,,0,,,0,0.00,612nydpi,,,,,0,0.00,1.0,234,,,,,,,,,,,,,,,,,,,,,,,,,,,,,,,,,,,,,,,,,0,1,1,234,,,,,,,,,,,,,,,,,,,,,,,,,,,,,,,,,,,,,,,,,0,1,2
235,pnuyzum4,,0,0,22,,,,0,,,0,0.00,612nydpi,,,,,0,0.00,1.0,235,,,,,,,,,,,,,,,,,,,,,,,,,,,,,,,,,,,,,,,,,0,1,1,235,,,,,,,,,,,,,,,,,,,,,,,,,,,,,,,,,,,,,,,,,0,1,2
236,k73n48iu,,0,0,22,,,,0,,,0,0.00,612nydpi,,,,,0,0.00,1.0,236,,,,,,,,,,,,,,,,,,,,,,,,,,,,,,,,,,,,,,,,,0,1,1,236,,,,,,,,,,,,,,,,,,,,,,,,,,,,,,,,,,,,,,,,,0,1,2
237,a7cvcpzs,,0,0,22,,,,0,,,0,0.00,612nydpi,,,,,0,0.00,1.0,237,,,,,,,,,,,,,,,,,,,,,,,,,,,,,,,,,,,,,,,,,0,1,1,237,,,,,,,,,,,,,,,,,,,,,,,,,,,,,,,,,,,,,,,,,0,1,2
238,z7rr0vk5,,0,0,22,,,,0,,,0,0.00,612nydpi,,,,,0,0.00,1.0,238,,,,,,,,,,,,,,,,,,,,,,,,,,,,,,,,,,,,,,,,,0,1,1,238,,,,,,,,,,,,,,,,,,,,,,,,,,,,,,,,,,,,,,,,,0,1,2
239,gnride89,,0,0,22,,,,0,,,0,0.00,612nydpi,,,,,0,0.00,1.0,239,,,,,,,,,,,,,,,,,,,,,,,,,,,,,,,,,,,,,,,,,0,1,1,239,,,,,,,,,,,,,,,,,,,,,,,,,,,,,,,,,,,,,,,,,0,1,2
240,onb9vrs9,,0,0,22,,,,0,,,0,0.00,612nydpi,,,,,0,0.00,1.0,240,,,,,,,,,,,,,,,,,,,,,,,,,,,,,,,,,,,,,,,,,0,1,1,240,,,,,,,,,,,,,,,,,,,,,,,,,,,,,,,,,,,,,,,,,0,1,2
241,hivqmaky,,0,0,22,,,,0,,,0,0.00,612nydpi,,,,,0,0.00,1.0,241,,,,,,,,,,,,,,,,,,,,,,,,,,,,,,,,,,,,,,,,,0,1,1,241,,,,,,,,,,,,,,,,,,,,,,,,,,,,,,,,,,,,,,,,,0,1,2
242,1z3av6f7,,0,0,22,,,,0,,,0,0.00,612nydpi,,,,,0,0.00,1.0,242,,,,,,,,,,,,,,,,,,,,,,,,,,,,,,,,,,,,,,,,,0,1,1,242,,,,,,,,,,,,,,,,,,,,,,,,,,,,,,,,,,,,,,,,,0,1,2
243,vnxn7l7y,,0,0,22,,,,0,,,0,0.00,612nydpi,,,,,0,0.00,1.0,243,,,,,,,,,,,,,,,,,,,,,,,,,,,,,,,,,,,,,,,,,0,1,1,243,,,,,,,,,,,,,,,,,,,,,,,,,,,,,,,,,,,,,,,,,0,1,2
244,mdsh12xg,,0,0,22,,,,0,,,0,0.00,612nydpi,,,,,0,0.00,1.0,244,,,,,,,,,,,,,,,,,,,,,,,,,,,,,,,,,,,,,,,,,0,1,1,244,,,,,,,,,,,,,,,,,,,,,,,,,,,,,,,,,,,,,,,,,0,1,2
245,65ee9f41,,0,0,22,,,,0,,,0,0.00,612nydpi,,,,,0,0.00,1.0,245,,,,,,,,,,,,,,,,,,,,,,,,,,,,,,,,,,,,,,,,,0,1,1,245,,,,,,,,,,,,,,,,,,,,,,,,,,,,,,,,,,,,,,,,,0,1,2
246,iposvgob,,0,0,22,,,,0,,,0,0.00,612nydpi,,,,,0,0.00,1.0,246,,,,,,,,,,,,,,,,,,,,,,,,,,,,,,,,,,,,,,,,,0,1,1,246,,,,,,,,,,,,,,,,,,,,,,,,,,,,,,,,,,,,,,,,,0,1,2
247,w6rnxmfe,,0,0,22,,,,0,,,0,0.00,612nydpi,,,,,0,0.00,1.0,247,,,,,,,,,,,,,,,,,,,,,,,,,,,,,,,,,,,,,,,,,0,1,1,247,,,,,,,,,,,,,,,,,,,,,,,,,,,,,,,,,,,,,,,,,0,1,2
248,hffe2yrr,,0,0,22,,,,0,,,0,0.00,612nydpi,,,,,0,0.00,1.0,248,,,,,,,,,,,,,,,,,,,,,,,,,,,,,,,,,,,,,,,,,0,1,1,248,,,,,,,,,,,,,,,,,,,,,,,,,,,,,,,,,,,,,,,,,0,1,2
249,junrpwwm,,0,0,22,,,,0,,,0,0.00,612nydpi,,,,,0,0.00,1.0,249,,,,,,,,,,,,,,,,,,,,,,,,,,,,,,,,,,,,,,,,,0,1,1,249,,,,,,,,,,,,,,,,,,,,,,,,,,,,,,,,,,,,,,,,,0,1,2
250,vso8qbjx,,0,0,22,,,,0,,,0,0.00,612nydpi,,,,,0,0.00,1.0,250,,,,,,,,,,,,,,,,,,,,,,,,,,,,,,,,,,,,,,,,,0,1,1,250,,,,,,,,,,,,,,,,,,,,,,,,,,,,,,,,,,,,,,,,,0,1,2
251,wxo7mpws,,0,0,22,,,,0,,,0,0.00,612nydpi,,,,,0,0.00,1.0,251,,,,,,,,,,,,,,,,,,,,,,,,,,,,,,,,,,,,,,,,,0,1,1,251,,,,,,,,,,,,,,,,,,,,,,,,,,,,,,,,,,,,,,,,,0,1,2
252,2fjkyfmg,,0,0,22,,,,0,,,0,0.00,612nydpi,,,,,0,0.00,1.0,252,,,,,,,,,,,,,,,,,,,,,,,,,,,,,,,,,,,,,,,,,0,1,1,252,,,,,,,,,,,,,,,,,,,,,,,,,,,,,,,,,,,,,,,,,0,1,2
253,g02bx7pa,,0,0,22,,,,0,,,0,0.00,612nydpi,,,,,0,0.00,1.0,253,,,,,,,,,,,,,,,,,,,,,,,,,,,,,,,,,,,,,,,,,0,1,1,253,,,,,,,,,,,,,,,,,,,,,,,,,,,,,,,,,,,,,,,,,0,1,2
254,jkbnnozn,,0,0,22,,,,0,,,0,0.00,612nydpi,,,,,0,0.00,1.0,254,,,,,,,,,,,,,,,,,,,,,,,,,,,,,,,,,,,,,,,,,0,1,1,254,,,,,,,,,,,,,,,,,,,,,,,,,,,,,,,,,,,,,,,,,0,1,2
255,1n765rgv,,0,0,22,,,,0,,,0,0.00,612nydpi,,,,,0,0.00,1.0,255,,,,,,,,,,,,,,,,,,,,,,,,,,,,,,,,,,,,,,,,,0,1,1,255,,,,,,,,,,,,,,,,,,,,,,,,,,,,,,,,,,,,,,,,,0,1,2
256,rs6ymzpk,,0,0,22,,,,0,,,0,0.00,612nydpi,,,,,0,0.00,1.0,256,,,,,,,,,,,,,,,,,,,,,,,,,,,,,,,,,,,,,,,,,0,1,1,256,,,,,,,,,,,,,,,,,,,,,,,,,,,,,,,,,,,,,,,,,0,1,2
257,cd5y1rcl,,0,0,22,,,,0,,,0,0.00,612nydpi,,,,,0,0.00,1.0,257,,,,,,,,,,,,,,,,,,,,,,,,,,,,,,,,,,,,,,,,,0,1,1,257,,,,,,,,,,,,,,,,,,,,,,,,,,,,,,,,,,,,,,,,,0,1,2
258,mwux6zhj,,0,0,22,,,,0,,,0,0.00,612nydpi,,,,,0,0.00,1.0,258,,,,,,,,,,,,,,,,,,,,,,,,,,,,,,,,,,,,,,,,,0,1,1,258,,,,,,,,,,,,,,,,,,,,,,,,,,,,,,,,,,,,,,,,,0,1,2
259,qrjiatwq,,0,0,22,,,,0,,,0,0.00,612nydpi,,,,,0,0.00,1.0,259,,,,,,,,,,,,,,,,,,,,,,,,,,,,,,,,,,,,,,,,,0,1,1,259,,,,,,,,,,,,,,,,,,,,,,,,,,,,,,,,,,,,,,,,,0,1,2
260,f2s19qdd,,0,0,22,,,,0,,,0,0.00,612nydpi,,,,,0,0.00,1.0,260,,,,,,,,,,,,,,,,,,,,,,,,,,,,,,,,,,,,,,,,,0,1,1,260,,,,,,,,,,,,,,,,,,,,,,,,,,,,,,,,,,,,,,,,,0,1,2
261,p0y4uwd9,,0,0,22,,,,0,,,0,0.00,612nydpi,,,,,0,0.00,1.0,261,,,,,,,,,,,,,,,,,,,,,,,,,,,,,,,,,,,,,,,,,0,1,1,261,,,,,,,,,,,,,,,,,,,,,,,,,,,,,,,,,,,,,,,,,0,1,2
262,3utkz0jx,,0,0,22,,,,0,,,0,0.00,612nydpi,,,,,0,0.00,1.0,262,,,,,,,,,,,,,,,,,,,,,,,,,,,,,,,,,,,,,,,,,0,1,1,262,,,,,,,,,,,,,,,,,,,,,,,,,,,,,,,,,,,,,,,,,0,1,2
263,vlmz7kbl,,0,0,22,,,,0,,,0,0.00,612nydpi,,,,,0,0.00,1.0,263,,,,,,,,,,,,,,,,,,,,,,,,,,,,,,,,,,,,,,,,,0,1,1,263,,,,,,,,,,,,,,,,,,,,,,,,,,,,,,,,,,,,,,,,,0,1,2
264,t8lubt40,,0,0,22,,,,0,,,0,0.00,612nydpi,,,,,0,0.00,1.0,264,,,,,,,,,,,,,,,,,,,,,,,,,,,,,,,,,,,,,,,,,0,1,1,264,,,,,,,,,,,,,,,,,,,,,,,,,,,,,,,,,,,,,,,,,0,1,2
265,mqcsbhe2,,0,0,22,,,,0,,,0,0.00,612nydpi,,,,,0,0.00,1.0,265,,,,,,,,,,,,,,,,,,,,,,,,,,,,,,,,,,,,,,,,,0,1,1,265,,,,,,,,,,,,,,,,,,,,,,,,,,,,,,,,,,,,,,,,,0,1,2
266,f1qbanot,,0,0,22,,,,0,,,0,0.00,612nydpi,,,,,0,0.00,1.0,266,,,,,,,,,,,,,,,,,,,,,,,,,,,,,,,,,,,,,,,,,0,1,1,266,,,,,,,,,,,,,,,,,,,,,,,,,,,,,,,,,,,,,,,,,0,1,2
267,8t062402,,0,0,22,,,,0,,,0,0.00,612nydpi,,,,,0,0.00,1.0,267,,,,,,,,,,,,,,,,,,,,,,,,,,,,,,,,,,,,,,,,,0,1,1,267,,,,,,,,,,,,,,,,,,,,,,,,,,,,,,,,,,,,,,,,,0,1,2
268,mhogxgwl,,0,0,22,,,,0,,,0,0.00,612nydpi,,,,,0,0.00,1.0,268,,,,,,,,,,,,,,,,,,,,,,,,,,,,,,,,,,,,,,,,,0,1,1,268,,,,,,,,,,,,,,,,,,,,,,,,,,,,,,,,,,,,,,,,,0,1,2
269,wbv1qwjd,,0,0,22,,,,0,,,0,0.00,612nydpi,,,,,0,0.00,1.0,269,,,,,,,,,,,,,,,,,,,,,,,,,,,,,,,,,,,,,,,,,0,1,1,269,,,,,,,,,,,,,,,,,,,,,,,,,,,,,,,,,,,,,,,,,0,1,2
270,ofry0tjc,,0,0,22,,,,0,,,0,0.00,612nydpi,,,,,0,0.00,1.0,270,,,,,,,,,,,,,,,,,,,,,,,,,,,,,,,,,,,,,,,,,0,1,1,270,,,,,,,,,,,,,,,,,,,,,,,,,,,,,,,,,,,,,,,,,0,1,2
271,585rnm1y,,0,0,22,,,,0,,,0,0.00,612nydpi,,,,,0,0.00,1.0,271,,,,,,,,,,,,,,,,,,,,,,,,,,,,,,,,,,,,,,,,,0,1,1,271,,,,,,,,,,,,,,,,,,,,,,,,,,,,,,,,,,,,,,,,,0,1,2
272,ujdclgcm,,0,0,22,,,,0,,,0,0.00,612nydpi,,,,,0,0.00,1.0,272,,,,,,,,,,,,,,,,,,,,,,,,,,,,,,,,,,,,,,,,,0,1,1,272,,,,,,,,,,,,,,,,,,,,,,,,,,,,,,,,,,,,,,,,,0,1,2
273,i57zlgrh,,0,0,22,,,,0,,,0,0.00,612nydpi,,,,,0,0.00,1.0,273,,,,,,,,,,,,,,,,,,,,,,,,,,,,,,,,,,,,,,,,,0,1,1,273,,,,,,,,,,,,,,,,,,,,,,,,,,,,,,,,,,,,,,,,,0,1,2
274,vy4xhsxt,,0,0,22,,,,0,,,0,0.00,612nydpi,,,,,0,0.00,1.0,274,,,,,,,,,,,,,,,,,,,,,,,,,,,,,,,,,,,,,,,,,0,1,1,274,,,,,,,,,,,,,,,,,,,,,,,,,,,,,,,,,,,,,,,,,0,1,2
275,0qtfowmr,,0,0,22,,,,0,,,0,0.00,612nydpi,,,,,0,0.00,1.0,275,,,,,,,,,,,,,,,,,,,,,,,,,,,,,,,,,,,,,,,,,0,1,1,275,,,,,,,,,,,,,,,,,,,,,,,,,,,,,,,,,,,,,,,,,0,1,2
276,zo0eno6a,,0,0,22,,,,0,,,0,0.00,612nydpi,,,,,0,0.00,1.0,276,,,,,,,,,,,,,,,,,,,,,,,,,,,,,,,,,,,,,,,,,0,1,1,276,,,,,,,,,,,,,,,,,,,,,,,,,,,,,,,,,,,,,,,,,0,1,2
277,f5knyz02,,0,0,22,,,,0,,,0,0.00,612nydpi,,,,,0,0.00,1.0,277,,,,,,,,,,,,,,,,,,,,,,,,,,,,,,,,,,,,,,,,,0,1,1,277,,,,,,,,,,,,,,,,,,,,,,,,,,,,,,,,,,,,,,,,,0,1,2
278,vys1mx16,,0,0,22,,,,0,,,0,0.00,612nydpi,,,,,0,0.00,1.0,278,,,,,,,,,,,,,,,,,,,,,,,,,,,,,,,,,,,,,,,,,0,1,1,278,,,,,,,,,,,,,,,,,,,,,,,,,,,,,,,,,,,,,,,,,0,1,2
279,2amkc60v,,0,0,22,,,,0,,,0,0.00,612nydpi,,,,,0,0.00,1.0,279,,,,,,,,,,,,,,,,,,,,,,,,,,,,,,,,,,,,,,,,,0,1,1,279,,,,,,,,,,,,,,,,,,,,,,,,,,,,,,,,,,,,,,,,,0,1,2
280,wj7dbck7,,0,0,22,,,,0,,,0,0.00,612nydpi,,,,,0,0.00,1.0,280,,,,,,,,,,,,,,,,,,,,,,,,,,,,,,,,,,,,,,,,,0,1,1,280,,,,,,,,,,,,,,,,,,,,,,,,,,,,,,,,,,,,,,,,,0,1,2
281,hxb6piw8,,0,0,22,,,,0,,,0,0.00,612nydpi,,,,,0,0.00,1.0,281,,,,,,,,,,,,,,,,,,,,,,,,,,,,,,,,,,,,,,,,,0,1,1,281,,,,,,,,,,,,,,,,,,,,,,,,,,,,,,,,,,,,,,,,,0,1,2
282,txptzcja,,0,0,22,,,,0,,,0,0.00,612nydpi,,,,,0,0.00,1.0,282,,,,,,,,,,,,,,,,,,,,,,,,,,,,,,,,,,,,,,,,,0,1,1,282,,,,,,,,,,,,,,,,,,,,,,,,,,,,,,,,,,,,,,,,,0,1,2
283,e3j6kkez,,0,0,22,,,,0,,,0,0.00,612nydpi,,,,,0,0.00,1.0,283,,,,,,,,,,,,,,,,,,,,,,,,,,,,,,,,,,,,,,,,,0,1,1,283,,,,,,,,,,,,,,,,,,,,,,,,,,,,,,,,,,,,,,,,,0,1,2
284,c4ru77u4,,0,0,22,,,,0,,,0,0.00,612nydpi,,,,,0,0.00,1.0,284,,,,,,,,,,,,,,,,,,,,,,,,,,,,,,,,,,,,,,,,,0,1,1,284,,,,,,,,,,,,,,,,,,,,,,,,,,,,,,,,,,,,,,,,,0,1,2
285,7cmhutn9,,0,0,22,,,,0,,,0,0.00,612nydpi,,,,,0,0.00,1.0,285,,,,,,,,,,,,,,,,,,,,,,,,,,,,,,,,,,,,,,,,,0,1,1,285,,,,,,,,,,,,,,,,,,,,,,,,,,,,,,,,,,,,,,,,,0,1,2
286,e0l3slba,,0,0,22,,,,0,,,0,0.00,612nydpi,,,,,0,0.00,1.0,286,,,,,,,,,,,,,,,,,,,,,,,,,,,,,,,,,,,,,,,,,0,1,1,286,,,,,,,,,,,,,,,,,,,,,,,,,,,,,,,,,,,,,,,,,0,1,2
287,xfl89tsy,,0,0,22,,,,0,,,0,0.00,612nydpi,,,,,0,0.00,1.0,287,,,,,,,,,,,,,,,,,,,,,,,,,,,,,,,,,,,,,,,,,0,1,1,287,,,,,,,,,,,,,,,,,,,,,,,,,,,,,,,,,,,,,,,,,0,1,2
288,jytski13,,0,0,22,,,,0,,,0,0.00,612nydpi,,,,,0,0.00,1.0,288,,,,,,,,,,,,,,,,,,,,,,,,,,,,,,,,,,,,,,,,,0,1,1,288,,,,,,,,,,,,,,,,,,,,,,,,,,,,,,,,,,,,,,,,,0,1,2
289,auzu4x1e,,0,0,22,,,,0,,,0,0.00,612nydpi,,,,,0,0.00,1.0,289,,,,,,,,,,,,,,,,,,,,,,,,,,,,,,,,,,,,,,,,,0,1,1,289,,,,,,,,,,,,,,,,,,,,,,,,,,,,,,,,,,,,,,,,,0,1,2
290,cfi63wlf,,0,0,22,,,,0,,,0,0.00,612nydpi,,,,,0,0.00,1.0,290,,,,,,,,,,,,,,,,,,,,,,,,,,,,,,,,,,,,,,,,,0,1,1,290,,,,,,,,,,,,,,,,,,,,,,,,,,,,,,,,,,,,,,,,,0,1,2
291,8abnx527,,0,0,22,,,,0,,,0,0.00,612nydpi,,,,,0,0.00,1.0,291,,,,,,,,,,,,,,,,,,,,,,,,,,,,,,,,,,,,,,,,,0,1,1,291,,,,,,,,,,,,,,,,,,,,,,,,,,,,,,,,,,,,,,,,,0,1,2
292,m8mzanaq,,0,0,22,,,,0,,,0,0.00,612nydpi,,,,,0,0.00,1.0,292,,,,,,,,,,,,,,,,,,,,,,,,,,,,,,,,,,,,,,,,,0,1,1,292,,,,,,,,,,,,,,,,,,,,,,,,,,,,,,,,,,,,,,,,,0,1,2
293,rrt7q8zk,,0,0,22,,,,0,,,0,0.00,612nydpi,,,,,0,0.00,1.0,293,,,,,,,,,,,,,,,,,,,,,,,,,,,,,,,,,,,,,,,,,0,1,1,293,,,,,,,,,,,,,,,,,,,,,,,,,,,,,,,,,,,,,,,,,0,1,2
294,fhfyzrds,,0,0,22,,,,0,,,0,0.00,612nydpi,,,,,0,0.00,1.0,294,,,,,,,,,,,,,,,,,,,,,,,,,,,,,,,,,,,,,,,,,0,1,1,294,,,,,,,,,,,,,,,,,,,,,,,,,,,,,,,,,,,,,,,,,0,1,2
295,kggaeg60,,0,0,22,,,,0,,,0,0.00,612nydpi,,,,,0,0.00,1.0,295,,,,,,,,,,,,,,,,,,,,,,,,,,,,,,,,,,,,,,,,,0,1,1,295,,,,,,,,,,,,,,,,,,,,,,,,,,,,,,,,,,,,,,,,,0,1,2
296,mma5bwos,,0,0,22,,,,0,,,0,0.00,612nydpi,,,,,0,0.00,1.0,296,,,,,,,,,,,,,,,,,,,,,,,,,,,,,,,,,,,,,,,,,0,1,1,296,,,,,,,,,,,,,,,,,,,,,,,,,,,,,,,,,,,,,,,,,0,1,2
297,5ea83ld9,,0,0,22,,,,0,,,0,0.00,612nydpi,,,,,0,0.00,1.0,297,,,,,,,,,,,,,,,,,,,,,,,,,,,,,,,,,,,,,,,,,0,1,1,297,,,,,,,,,,,,,,,,,,,,,,,,,,,,,,,,,,,,,,,,,0,1,2
298,2hycdkl7,,0,0,22,,,,0,,,0,0.00,612nydpi,,,,,0,0.00,1.0,298,,,,,,,,,,,,,,,,,,,,,,,,,,,,,,,,,,,,,,,,,0,1,1,298,,,,,,,,,,,,,,,,,,,,,,,,,,,,,,,,,,,,,,,,,0,1,2
299,q2t7qy33,,0,0,22,,,,0,,,0,0.00,612nydpi,,,,,0,0.00,1.0,299,,,,,,,,,,,,,,,,,,,,,,,,,,,,,,,,,,,,,,,,,0,1,1,299,,,,,,,,,,,,,,,,,,,,,,,,,,,,,,,,,,,,,,,,,0,1,2
300,uw6tjobw,,0,0,22,,,,0,,,0,0.00,612nydpi,,,,,0,0.00,1.0,300,,,,,,,,,,,,,,,,,,,,,,,,,,,,,,,,,,,,,,,,,0,1,1,300,,,,,,,,,,,,,,,,,,,,,,,,,,,,,,,,,,,,,,,,,0,1,2
